segment	position	REF	ALT	QUAL	sample	DP	AF	ANN
NA	324	T	C	171	01_BALF	519	0.019268	C|synonymous_variant|LOW|gene-NA|gene-NA|transcript|gene-NA|protein_coding|1/1|c.324T>C|p.Leu108Leu|324/1410|324/1410|108/469||
NA	515	G	A	187	01_BALF	483	0.022774	A|missense_variant|MODERATE|gene-NA|gene-NA|transcript|gene-NA|protein_coding|1/1|c.515G>A|p.Arg172Lys|515/1410|515/1410|172/469||
NA	1356	C	T	1098	01_BALF	297	0.148148	T|synonymous_variant|LOW|gene-NA|gene-NA|transcript|gene-NA|protein_coding|1/1|c.1356C>T|p.Thr452Thr|1356/1410|1356/1410|452/469||WARNING_REF_DOES_NOT_MATCH_GENOME
M	534	A	G	209	01_BALF	1562	0.009603	G|synonymous_variant|LOW|gene-M1|gene-M1|transcript|gene-M1|protein_coding|1/1|c.534A>G|p.Arg178Arg|534/759|534/759|178/252||,G|intron_variant|MODIFIER|gene-M2|gene-M2|transcript|rna-M2|protein_coding|1/1|c.27-181A>G||||||,G|intron_variant|MODIFIER|gene-M2|gene-M2|transcript|gene-M2|pseudogene|1/1|n.27-181A>G||||||,G|non_coding_transcript_exon_variant|MODIFIER|id-M2|id-M2|transcript|id-M2|pseudogene|1/1|n.508A>G||||||
M	771	C	A	129	01_BALF	1052	0.009506	A|missense_variant|MODERATE|gene-M2|gene-M2|transcript|rna-M2|protein_coding|2/2|c.83C>A|p.Thr28Asn|83/294|83/294|28/97||,A|downstream_gene_variant|MODIFIER|gene-M1|gene-M1|transcript|gene-M1|protein_coding||c.*12C>A|||||12|,A|downstream_gene_variant|MODIFIER|id-M2|id-M2|transcript|id-M2|pseudogene||n.*57C>A|||||57|,A|non_coding_transcript_exon_variant|MODIFIER|gene-M2|gene-M2|transcript|gene-M2|pseudogene|2/2|n.83C>A||||||
NS	343	T	C	59	01_BALF	1296	0.013889	C|missense_variant|MODERATE|gene-NS1|gene-NS1|transcript|gene-NS1|protein_coding|1/1|c.343T>C|p.Phe115Leu|343/693|343/693|115/230||,C|intron_variant|MODIFIER|gene-NS2|gene-NS2|transcript|rna-NS2|protein_coding|1/1|c.31-160T>C||||||,C|intron_variant|MODIFIER|gene-NS2|gene-NS2|transcript|gene-NS2|pseudogene|1/1|n.31-160T>C||||||,C|non_coding_transcript_exon_variant|MODIFIER|id-NS2|id-NS2|transcript|id-NS2|pseudogene|1/1|n.313T>C||||||
NS	363	G	T	99	01_BALF	1019	0.012758	T|synonymous_variant|LOW|gene-NS1|gene-NS1|transcript|gene-NS1|protein_coding|1/1|c.363G>T|p.His121His|363/693|363/693|121/230||WARNING_REF_DOES_NOT_MATCH_GENOME,T|intron_variant|MODIFIER|gene-NS2|gene-NS2|transcript|rna-NS2|protein_coding|1/1|c.31-140G>T||||||,T|intron_variant|MODIFIER|gene-NS2|gene-NS2|transcript|gene-NS2|pseudogene|1/1|n.31-140G>T||||||,T|non_coding_transcript_exon_variant|MODIFIER|id-NS2|id-NS2|transcript|id-NS2|pseudogene|1/1|n.333G>T||||||WARNING_REF_DOES_NOT_MATCH_GENOME
NS	668	C	A	191	01_BALF	1219	0.011485	A|missense_variant|MODERATE|gene-NS1|gene-NS1|transcript|gene-NS1|protein_coding|1/1|c.668C>A|p.Ala223Glu|668/693|668/693|223/230||,A|synonymous_variant|LOW|gene-NS2|gene-NS2|transcript|rna-NS2|protein_coding|2/2|c.196C>A|p.Arg66Arg|196/366|196/366|66/121||,A|downstream_gene_variant|MODIFIER|id-NS2|id-NS2|transcript|id-NS2|pseudogene||n.*166C>A|||||166|,A|non_coding_transcript_exon_variant|MODIFIER|gene-NS2|gene-NS2|transcript|gene-NS2|pseudogene|2/2|n.196C>A||||||
PA	1465	T	A	239	01_BALF	333	0.036036	A|missense_variant|MODERATE|gene-PA|gene-PA|transcript|gene-PA|protein_coding|1/1|c.1465T>A|p.Cys489Ser|1465/2151|1465/2151|489/716||,A|downstream_gene_variant|MODIFIER|gene-PA-X|gene-PA-X|transcript|rna-PA-X|protein_coding||c.*705T>A|||||705|,A|downstream_gene_variant|MODIFIER|gene-PA-X|gene-PA-X|transcript|gene-PA-X|pseudogene||n.*705T>A|||||705|
PB2	213	C	T	1238	01_BALF	652	0.084356	T|synonymous_variant|LOW|gene-PB2|gene-PB2|transcript|gene-PB2|protein_coding|1/1|c.213C>T|p.Asn71Asn|213/2280|213/2280|71/759||WARNING_REF_DOES_NOT_MATCH_GENOME
PB2	843	G	A	202	01_BALF	736	0.017663	A|synonymous_variant|LOW|gene-PB2|gene-PB2|transcript|gene-PB2|protein_coding|1/1|c.843G>A|p.Leu281Leu|843/2280|843/2280|281/759||WARNING_REF_DOES_NOT_MATCH_GENOME
PB2	2265	G	A	215	01_BALF	398	0.030151	A|synonymous_variant|LOW|gene-PB2|gene-PB2|transcript|gene-PB2|protein_coding|1/1|c.2265G>A|p.Arg755Arg|2265/2280|2265/2280|755/759||WARNING_REF_DOES_NOT_MATCH_GENOME
HA	1396	G	A	215	02_BALF	329	0.036474	A|missense_variant|MODERATE|gene-HA|gene-HA|transcript|gene-HA|protein_coding|1/1|c.1396G>A|p.Val466Ile|1396/1701|1396/1701|466/566||
HA	1615	A	G	197	02_BALF	472	0.025424	G|missense_variant|MODERATE|gene-HA|gene-HA|transcript|gene-HA|protein_coding|1/1|c.1615A>G|p.Ser539Gly|1615/1701|1615/1701|539/566||
NA	178	A	G	1832	02_BALF	774	0.102067	G|missense_variant|MODERATE|gene-NA|gene-NA|transcript|gene-NA|protein_coding|1/1|c.178A>G|p.Arg60Gly|178/1410|178/1410|60/469||
NA	324	T	C	156	02_BALF	754	0.013263	C|synonymous_variant|LOW|gene-NA|gene-NA|transcript|gene-NA|protein_coding|1/1|c.324T>C|p.Leu108Leu|324/1410|324/1410|108/469||
NA	1347	T	G	167	02_BALF	567	0.017637	G|synonymous_variant|LOW|gene-NA|gene-NA|transcript|gene-NA|protein_coding|1/1|c.1347T>G|p.Thr449Thr|1347/1410|1347/1410|449/469||
NA	1356	C	T	624	02_BALF	544	0.055147	T|synonymous_variant|LOW|gene-NA|gene-NA|transcript|gene-NA|protein_coding|1/1|c.1356C>T|p.Thr452Thr|1356/1410|1356/1410|452/469||WARNING_REF_DOES_NOT_MATCH_GENOME
NA	1387	G	T	934	02_BALF	372	0.107527	T|missense_variant|MODERATE|gene-NA|gene-NA|transcript|gene-NA|protein_coding|1/1|c.1387G>T|p.Asp463Tyr|1387/1410|1387/1410|463/469||
M	216	A	G	115	02_BALF	2116	0.005671	G|synonymous_variant|LOW|gene-M1|gene-M1|transcript|gene-M1|protein_coding|1/1|c.216A>G|p.Arg72Arg|216/759|216/759|72/252||,G|intron_variant|MODIFIER|gene-M2|gene-M2|transcript|rna-M2|protein_coding|1/1|c.26+190A>G||||||,G|intron_variant|MODIFIER|gene-M2|gene-M2|transcript|gene-M2|pseudogene|1/1|n.26+190A>G||||||,G|non_coding_transcript_exon_variant|MODIFIER|id-M2|id-M2|transcript|id-M2|pseudogene|1/1|n.190A>G||||||
M	264	G	T	94	02_BALF	2258	0.004429	T|synonymous_variant|LOW|gene-M1|gene-M1|transcript|gene-M1|protein_coding|1/1|c.264G>T|p.Gly88Gly|264/759|264/759|88/252||,T|intron_variant|MODIFIER|gene-M2|gene-M2|transcript|rna-M2|protein_coding|1/1|c.26+238G>T||||||,T|intron_variant|MODIFIER|gene-M2|gene-M2|transcript|gene-M2|pseudogene|1/1|n.26+238G>T||||||,T|non_coding_transcript_exon_variant|MODIFIER|id-M2|id-M2|transcript|id-M2|pseudogene|1/1|n.238G>T||||||
M	582	A	G	3076	02_BALF	2694	0.220861	G|synonymous_variant|LOW|gene-M1|gene-M1|transcript|gene-M1|protein_coding|1/1|c.582A>G|p.Gly194Gly|582/759|582/759|194/252||,G|intron_variant|MODIFIER|gene-M2|gene-M2|transcript|rna-M2|protein_coding|1/1|c.27-133A>G||||||,G|intron_variant|MODIFIER|gene-M2|gene-M2|transcript|gene-M2|pseudogene|1/1|n.27-133A>G||||||,G|non_coding_transcript_exon_variant|MODIFIER|id-M2|id-M2|transcript|id-M2|pseudogene|1/1|n.556A>G||||||
M	617	C	T	310	02_BALF	2533	0.00987	T|missense_variant|MODERATE|gene-M1|gene-M1|transcript|gene-M1|protein_coding|1/1|c.617C>T|p.Ala206Val|617/759|617/759|206/252||,T|intron_variant|MODIFIER|gene-M2|gene-M2|transcript|rna-M2|protein_coding|1/1|c.27-98C>T||||||,T|intron_variant|MODIFIER|gene-M2|gene-M2|transcript|gene-M2|pseudogene|1/1|n.27-98C>T||||||,T|non_coding_transcript_exon_variant|MODIFIER|id-M2|id-M2|transcript|id-M2|pseudogene|1/1|n.591C>T||||||
M	656	T	C	90	02_BALF	2560	0.004297	C|missense_variant|MODERATE|gene-M1|gene-M1|transcript|gene-M1|protein_coding|1/1|c.656T>C|p.Ile219Thr|656/759|656/759|219/252||,C|intron_variant|MODIFIER|gene-M2|gene-M2|transcript|rna-M2|protein_coding|1/1|c.27-59T>C||||||,C|intron_variant|MODIFIER|gene-M2|gene-M2|transcript|gene-M2|pseudogene|1/1|n.27-59T>C||||||,C|non_coding_transcript_exon_variant|MODIFIER|id-M2|id-M2|transcript|id-M2|pseudogene|1/1|n.630T>C||||||
M	725	A	G	82	02_BALF	2131	0.004693	G|missense_variant|MODERATE|gene-M1|gene-M1|transcript|gene-M1|protein_coding|1/1|c.725A>G|p.Lys242Arg|725/759|725/759|242/252||,G|missense_variant|MODERATE|gene-M2|gene-M2|transcript|rna-M2|protein_coding|2/2|c.37A>G|p.Ser13Gly|37/294|37/294|13/97||,G|downstream_gene_variant|MODIFIER|id-M2|id-M2|transcript|id-M2|pseudogene||n.*11A>G|||||11|,G|non_coding_transcript_exon_variant|MODIFIER|gene-M2|gene-M2|transcript|gene-M2|pseudogene|2/2|n.37A>G||||||
M	786	T	C	129	02_BALF	1946	0.005653	C|missense_variant|MODERATE|gene-M2|gene-M2|transcript|rna-M2|protein_coding|2/2|c.98T>C|p.Ile33Thr|98/294|98/294|33/97||,C|downstream_gene_variant|MODIFIER|gene-M1|gene-M1|transcript|gene-M1|protein_coding||c.*27T>C|||||27|,C|downstream_gene_variant|MODIFIER|id-M2|id-M2|transcript|id-M2|pseudogene||n.*72T>C|||||72|,C|non_coding_transcript_exon_variant|MODIFIER|gene-M2|gene-M2|transcript|gene-M2|pseudogene|2/2|n.98T>C||||||
M	801	T	C	112	02_BALF	2019	0.004953	C|missense_variant|MODERATE|gene-M2|gene-M2|transcript|rna-M2|protein_coding|2/2|c.113T>C|p.Leu38Pro|113/294|113/294|38/97||,C|downstream_gene_variant|MODIFIER|gene-M1|gene-M1|transcript|gene-M1|protein_coding||c.*42T>C|||||42|,C|downstream_gene_variant|MODIFIER|id-M2|id-M2|transcript|id-M2|pseudogene||n.*87T>C|||||87|,C|non_coding_transcript_exon_variant|MODIFIER|gene-M2|gene-M2|transcript|gene-M2|pseudogene|2/2|n.113T>C||||||
M	895	T	C	134	02_BALF	1624	0.006773	C|synonymous_variant|LOW|gene-M2|gene-M2|transcript|rna-M2|protein_coding|2/2|c.207T>C|p.Pro69Pro|207/294|207/294|69/97||,C|downstream_gene_variant|MODIFIER|gene-M1|gene-M1|transcript|gene-M1|protein_coding||c.*136T>C|||||136|,C|downstream_gene_variant|MODIFIER|id-M2|id-M2|transcript|id-M2|pseudogene||n.*181T>C|||||181|,C|non_coding_transcript_exon_variant|MODIFIER|gene-M2|gene-M2|transcript|gene-M2|pseudogene|2/2|n.207T>C||||||
NP	1307	G	A	905	02_BALF	606	0.070957	A|missense_variant|MODERATE|gene-NP|gene-NP|transcript|gene-NP|protein_coding|1/1|c.1307G>A|p.Arg436Lys|1307/1497|1307/1497|436/498||
NS	253	C	T	164	02_BALF	2764	0.005789	T|missense_variant|MODERATE|gene-NS1|gene-NS1|transcript|gene-NS1|protein_coding|1/1|c.253C>T|p.Pro85Ser|253/693|253/693|85/230||,T|intron_variant|MODIFIER|gene-NS2|gene-NS2|transcript|rna-NS2|protein_coding|1/1|c.30+223C>T||||||,T|intron_variant|MODIFIER|gene-NS2|gene-NS2|transcript|gene-NS2|pseudogene|1/1|n.30+223C>T||||||,T|non_coding_transcript_exon_variant|MODIFIER|id-NS2|id-NS2|transcript|id-NS2|pseudogene|1/1|n.223C>T||||||
NS	385	A	G	125	02_BALF	2194	0.006381	G|missense_variant|MODERATE|gene-NS1|gene-NS1|transcript|gene-NS1|protein_coding|1/1|c.385A>G|p.Thr129Ala|385/693|385/693|129/230||,G|intron_variant|MODIFIER|gene-NS2|gene-NS2|transcript|rna-NS2|protein_coding|1/1|c.31-118A>G||||||,G|intron_variant|MODIFIER|gene-NS2|gene-NS2|transcript|gene-NS2|pseudogene|1/1|n.31-118A>G||||||,G|non_coding_transcript_exon_variant|MODIFIER|id-NS2|id-NS2|transcript|id-NS2|pseudogene|1/1|n.355A>G||||||
NS	408	G	A	888	02_BALF	2339	0.022659	A|synonymous_variant|LOW|gene-NS1|gene-NS1|transcript|gene-NS1|protein_coding|1/1|c.408G>A|p.Val136Val|408/693|408/693|136/230||,A|intron_variant|MODIFIER|gene-NS2|gene-NS2|transcript|rna-NS2|protein_coding|1/1|c.31-95G>A||||||,A|intron_variant|MODIFIER|gene-NS2|gene-NS2|transcript|gene-NS2|pseudogene|1/1|n.31-95G>A||||||,A|non_coding_transcript_exon_variant|MODIFIER|id-NS2|id-NS2|transcript|id-NS2|pseudogene|1/1|n.378G>A||||||
NS	583	T	C	118	02_BALF	2754	0.004357	C|missense_variant|MODERATE|gene-NS1|gene-NS1|transcript|gene-NS1|protein_coding|1/1|c.583T>C|p.Ser195Pro|583/693|583/693|195/230||,C|synonymous_variant|LOW|gene-NS2|gene-NS2|transcript|rna-NS2|protein_coding|2/2|c.111T>C|p.Ser37Ser|111/366|111/366|37/121||,C|downstream_gene_variant|MODIFIER|id-NS2|id-NS2|transcript|id-NS2|pseudogene||n.*81T>C|||||81|,C|non_coding_transcript_exon_variant|MODIFIER|gene-NS2|gene-NS2|transcript|gene-NS2|pseudogene|2/2|n.111T>C||||||
NS	584	C	A	2297	02_BALF	2754	0.042121	A|missense_variant|MODERATE|gene-NS1|gene-NS1|transcript|gene-NS1|protein_coding|1/1|c.584C>A|p.Ser195Tyr|584/693|584/693|195/230||,A|missense_variant|MODERATE|gene-NS2|gene-NS2|transcript|rna-NS2|protein_coding|2/2|c.112C>A|p.Leu38Met|112/366|112/366|38/121||,A|downstream_gene_variant|MODIFIER|id-NS2|id-NS2|transcript|id-NS2|pseudogene||n.*82C>A|||||82|,A|non_coding_transcript_exon_variant|MODIFIER|gene-NS2|gene-NS2|transcript|gene-NS2|pseudogene|2/2|n.112C>A||||||
NS	597	G	A	94	02_BALF	2755	0.00363	A|missense_variant|MODERATE|gene-NS2|gene-NS2|transcript|rna-NS2|protein_coding|2/2|c.125G>A|p.Arg42Lys|125/366|125/366|42/121||,A|synonymous_variant|LOW|gene-NS1|gene-NS1|transcript|gene-NS1|protein_coding|1/1|c.597G>A|p.Gln199Gln|597/693|597/693|199/230||,A|downstream_gene_variant|MODIFIER|id-NS2|id-NS2|transcript|id-NS2|pseudogene||n.*95G>A|||||95|,A|non_coding_transcript_exon_variant|MODIFIER|gene-NS2|gene-NS2|transcript|gene-NS2|pseudogene|2/2|n.125G>A||||||
NS	669	G	A	140	02_BALF	2603	0.004994	A|missense_variant|MODERATE|gene-NS2|gene-NS2|transcript|rna-NS2|protein_coding|2/2|c.197G>A|p.Arg66Gln|197/366|197/366|66/121||,A|synonymous_variant|LOW|gene-NS1|gene-NS1|transcript|gene-NS1|protein_coding|1/1|c.669G>A|p.Ala223Ala|669/693|669/693|223/230||,A|downstream_gene_variant|MODIFIER|id-NS2|id-NS2|transcript|id-NS2|pseudogene||n.*167G>A|||||167|,A|non_coding_transcript_exon_variant|MODIFIER|gene-NS2|gene-NS2|transcript|gene-NS2|pseudogene|2/2|n.197G>A||||||
NS	724	A	G	90	02_BALF	2323	0.004305	G|synonymous_variant|LOW|gene-NS2|gene-NS2|transcript|rna-NS2|protein_coding|2/2|c.252A>G|p.Arg84Arg|252/366|252/366|84/121||,G|downstream_gene_variant|MODIFIER|gene-NS1|gene-NS1|transcript|gene-NS1|protein_coding||c.*31A>G|||||31|,G|downstream_gene_variant|MODIFIER|id-NS2|id-NS2|transcript|id-NS2|pseudogene||n.*222A>G|||||222|,G|non_coding_transcript_exon_variant|MODIFIER|gene-NS2|gene-NS2|transcript|gene-NS2|pseudogene|2/2|n.252A>G||||||
PA	177	A	G	2329	02_BALF	577	0.161179	G|synonymous_variant|LOW|gene-PA-X|gene-PA-X|transcript|rna-PA-X|protein_coding|1/2|c.177A>G|p.Glu59Glu|177/759|177/759|59/252||,G|synonymous_variant|LOW|gene-PA|gene-PA|transcript|gene-PA|protein_coding|1/1|c.177A>G|p.Glu59Glu|177/2151|177/2151|59/716||,G|non_coding_transcript_exon_variant|MODIFIER|gene-PA-X|gene-PA-X|transcript|gene-PA-X|pseudogene|1/2|n.177A>G||||||
PA	1465	T	A	450	02_BALF	136	0.132353	A|missense_variant|MODERATE|gene-PA|gene-PA|transcript|gene-PA|protein_coding|1/1|c.1465T>A|p.Cys489Ser|1465/2151|1465/2151|489/716||,A|downstream_gene_variant|MODIFIER|gene-PA-X|gene-PA-X|transcript|rna-PA-X|protein_coding||c.*705T>A|||||705|,A|downstream_gene_variant|MODIFIER|gene-PA-X|gene-PA-X|transcript|gene-PA-X|pseudogene||n.*705T>A|||||705|
PA	1871	C	T	299	02_BALF	414	0.041063	T|missense_variant|MODERATE|gene-PA|gene-PA|transcript|gene-PA|protein_coding|1/1|c.1871C>T|p.Ser624Leu|1871/2151|1871/2151|624/716||,T|downstream_gene_variant|MODIFIER|gene-PA-X|gene-PA-X|transcript|rna-PA-X|protein_coding||c.*1111C>T|||||1111|,T|downstream_gene_variant|MODIFIER|gene-PA-X|gene-PA-X|transcript|gene-PA-X|pseudogene||n.*1111C>T|||||1111|
PB1	165	G	A	409	02_BALF	666	0.034535	A|stop_gained|HIGH|gene-PB1|gene-PB1|transcript|gene-PB1|protein_coding|1/1|c.165G>A|p.Trp55*|165/2274|165/2274|55/757||,A|missense_variant|MODERATE|gene-PB1-F2|gene-PB1-F2|transcript|gene-PB1-F2|protein_coding|1/1|c.71G>A|p.Gly24Glu|71/240|71/240|24/79||
PB1	1977	T	C	299	02_BALF	574	0.04007	C|synonymous_variant|LOW|gene-PB1|gene-PB1|transcript|gene-PB1|protein_coding|1/1|c.1977T>C|p.Ala659Ala|1977/2274|1977/2274|659/757||,C|downstream_gene_variant|MODIFIER|gene-PB1-F2|gene-PB1-F2|transcript|gene-PB1-F2|protein_coding||c.*1643T>C|||||1643|
PB1	2220	T	C	243	02_BALF	997	0.016048	C|synonymous_variant|LOW|gene-PB1|gene-PB1|transcript|gene-PB1|protein_coding|1/1|c.2220T>C|p.Phe740Phe|2220/2274|2220/2274|740/757||,C|downstream_gene_variant|MODIFIER|gene-PB1-F2|gene-PB1-F2|transcript|gene-PB1-F2|protein_coding||c.*1886T>C|||||1886|
PB2	213	C	T	554	02_BALF	649	0.043143	T|synonymous_variant|LOW|gene-PB2|gene-PB2|transcript|gene-PB2|protein_coding|1/1|c.213C>T|p.Asn71Asn|213/2280|213/2280|71/759||WARNING_REF_DOES_NOT_MATCH_GENOME
PB2	577	C	T	186	02_BALF	489	0.022495	T|missense_variant|MODERATE|gene-PB2|gene-PB2|transcript|gene-PB2|protein_coding|1/1|c.577C>T|p.Leu193Phe|577/2280|577/2280|193/759||
PB2	644	C	G	952	02_BALF	464	0.088362	G|missense_variant|MODERATE|gene-PB2|gene-PB2|transcript|gene-PB2|protein_coding|1/1|c.644C>G|p.Thr215Ser|644/2280|644/2280|215/759||
PB2	843	G	A	203	02_BALF	530	0.024528	A|synonymous_variant|LOW|gene-PB2|gene-PB2|transcript|gene-PB2|protein_coding|1/1|c.843G>A|p.Leu281Leu|843/2280|843/2280|281/759||WARNING_REF_DOES_NOT_MATCH_GENOME
PB2	1332	G	A	229	02_BALF	570	0.022807	A|synonymous_variant|LOW|gene-PB2|gene-PB2|transcript|gene-PB2|protein_coding|1/1|c.1332G>A|p.Val444Val|1332/2280|1332/2280|444/759||
PB2	1467	C	T	1014	02_BALF	632	0.074367	T|synonymous_variant|LOW|gene-PB2|gene-PB2|transcript|gene-PB2|protein_coding|1/1|c.1467C>T|p.Ser489Ser|1467/2280|1467/2280|489/759||
PB2	1777	A	T	282	02_BALF	596	0.026846	T|missense_variant|MODERATE|gene-PB2|gene-PB2|transcript|gene-PB2|protein_coding|1/1|c.1777A>T|p.Ser593Cys|1777/2280|1777/2280|593/759||
PB2	2057	T	C	102	02_BALF	876	0.012557	C|missense_variant|MODERATE|gene-PB2|gene-PB2|transcript|gene-PB2|protein_coding|1/1|c.2057T>C|p.Val686Ala|2057/2280|2057/2280|686/759||
PB2	2239	A	G	169	02_BALF	803	0.013699	G|missense_variant|MODERATE|gene-PB2|gene-PB2|transcript|gene-PB2|protein_coding|1/1|c.2239A>G|p.Ser747Gly|2239/2280|2239/2280|747/759||
HA	1266	A	G	2680	04_BALF	159	0.528302	G|synonymous_variant|LOW|gene-HA|gene-HA|transcript|gene-HA|protein_coding|1/1|c.1266A>G|p.Glu422Glu|1266/1701|1266/1701|422/566||
HA	1475	G	A	495	04_BALF	160	0.125	A|missense_variant|MODERATE|gene-HA|gene-HA|transcript|gene-HA|protein_coding|1/1|c.1475G>A|p.Cys492Tyr|1475/1701|1475/1701|492/566||
NA	515	G	A	646	04_BALF	464	0.064655	A|missense_variant|MODERATE|gene-NA|gene-NA|transcript|gene-NA|protein_coding|1/1|c.515G>A|p.Arg172Lys|515/1410|515/1410|172/469||
NA	1221	T	A	888	04_BALF	341	0.108504	A|synonymous_variant|LOW|gene-NA|gene-NA|transcript|gene-NA|protein_coding|1/1|c.1221T>A|p.Ser407Ser|1221/1410|1221/1410|407/469||
NA	1356	C	T	670	04_BALF	197	0.137056	T|synonymous_variant|LOW|gene-NA|gene-NA|transcript|gene-NA|protein_coding|1/1|c.1356C>T|p.Thr452Thr|1356/1410|1356/1410|452/469||WARNING_REF_DOES_NOT_MATCH_GENOME
M	150	G	A	222	04_BALF	1589	0.010699	A|synonymous_variant|LOW|gene-M1|gene-M1|transcript|gene-M1|protein_coding|1/1|c.150G>A|p.Pro50Pro|150/759|150/759|50/252||,A|intron_variant|MODIFIER|gene-M2|gene-M2|transcript|rna-M2|protein_coding|1/1|c.26+124G>A||||||,A|intron_variant|MODIFIER|gene-M2|gene-M2|transcript|gene-M2|pseudogene|1/1|n.26+124G>A||||||,A|non_coding_transcript_exon_variant|MODIFIER|id-M2|id-M2|transcript|id-M2|pseudogene|1/1|n.124G>A||||||
M	252	A	G	238	04_BALF	2009	0.009457	G|synonymous_variant|LOW|gene-M1|gene-M1|transcript|gene-M1|protein_coding|1/1|c.252A>G|p.Leu84Leu|252/759|252/759|84/252||,G|intron_variant|MODIFIER|gene-M2|gene-M2|transcript|rna-M2|protein_coding|1/1|c.26+226A>G||||||,G|intron_variant|MODIFIER|gene-M2|gene-M2|transcript|gene-M2|pseudogene|1/1|n.26+226A>G||||||,G|non_coding_transcript_exon_variant|MODIFIER|id-M2|id-M2|transcript|id-M2|pseudogene|1/1|n.226A>G||||||
M	297	A	G	955	04_BALF	2028	0.026627	G|synonymous_variant|LOW|gene-M1|gene-M1|transcript|gene-M1|protein_coding|1/1|c.297A>G|p.Leu99Leu|297/759|297/759|99/252||,G|intron_variant|MODIFIER|gene-M2|gene-M2|transcript|rna-M2|protein_coding|1/1|c.26+271A>G||||||,G|intron_variant|MODIFIER|gene-M2|gene-M2|transcript|gene-M2|pseudogene|1/1|n.26+271A>G||||||,G|non_coding_transcript_exon_variant|MODIFIER|id-M2|id-M2|transcript|id-M2|pseudogene|1/1|n.271A>G||||||
M	338	A	G	215	04_BALF	2183	0.008246	G|missense_variant|MODERATE|gene-M1|gene-M1|transcript|gene-M1|protein_coding|1/1|c.338A>G|p.Lys113Arg|338/759|338/759|113/252||,G|intron_variant|MODIFIER|gene-M2|gene-M2|transcript|rna-M2|protein_coding|1/1|c.26+312A>G||||||,G|intron_variant|MODIFIER|gene-M2|gene-M2|transcript|gene-M2|pseudogene|1/1|n.26+312A>G||||||,G|non_coding_transcript_exon_variant|MODIFIER|id-M2|id-M2|transcript|id-M2|pseudogene|1/1|n.312A>G||||||
M	420	A	G	271	04_BALF	2255	0.009313	G|synonymous_variant|LOW|gene-M1|gene-M1|transcript|gene-M1|protein_coding|1/1|c.420A>G|p.Thr140Thr|420/759|420/759|140/252||,G|intron_variant|MODIFIER|gene-M2|gene-M2|transcript|rna-M2|protein_coding|1/1|c.27-295A>G||||||,G|intron_variant|MODIFIER|gene-M2|gene-M2|transcript|gene-M2|pseudogene|1/1|n.27-295A>G||||||,G|non_coding_transcript_exon_variant|MODIFIER|id-M2|id-M2|transcript|id-M2|pseudogene|1/1|n.394A>G||||||
M	456	G	A	124	04_BALF	2348	0.005111	A|synonymous_variant|LOW|gene-M1|gene-M1|transcript|gene-M1|protein_coding|1/1|c.456G>A|p.Glu152Glu|456/759|456/759|152/252||,A|intron_variant|MODIFIER|gene-M2|gene-M2|transcript|rna-M2|protein_coding|1/1|c.27-259G>A||||||,A|intron_variant|MODIFIER|gene-M2|gene-M2|transcript|gene-M2|pseudogene|1/1|n.27-259G>A||||||,A|non_coding_transcript_exon_variant|MODIFIER|id-M2|id-M2|transcript|id-M2|pseudogene|1/1|n.430G>A||||||
M	711	G	A	125	04_BALF	1765	0.006232	A|splice_region_variant&intron_variant|LOW|gene-M2|gene-M2|transcript|rna-M2|protein_coding|1/1|c.27-4G>A||||||,A|splice_region_variant&intron_variant|LOW|gene-M2|gene-M2|transcript|gene-M2|pseudogene|1/1|n.27-4G>A||||||,A|synonymous_variant|LOW|gene-M1|gene-M1|transcript|gene-M1|protein_coding|1/1|c.711G>A|p.Leu237Leu|711/759|711/759|237/252||,A|non_coding_transcript_exon_variant|MODIFIER|id-M2|id-M2|transcript|id-M2|pseudogene|1/1|n.685G>A||||||
M	814	T	C	161	04_BALF	1534	0.008475	C|synonymous_variant|LOW|gene-M2|gene-M2|transcript|rna-M2|protein_coding|2/2|c.126T>C|p.Ile42Ile|126/294|126/294|42/97||,C|downstream_gene_variant|MODIFIER|gene-M1|gene-M1|transcript|gene-M1|protein_coding||c.*55T>C|||||55|,C|downstream_gene_variant|MODIFIER|id-M2|id-M2|transcript|id-M2|pseudogene||n.*100T>C|||||100|,C|non_coding_transcript_exon_variant|MODIFIER|gene-M2|gene-M2|transcript|gene-M2|pseudogene|2/2|n.126T>C||||||
M	900	C	T	126	04_BALF	1341	0.008203	T|missense_variant|MODERATE|gene-M2|gene-M2|transcript|rna-M2|protein_coding|2/2|c.212C>T|p.Ser71Phe|212/294|212/294|71/97||,T|downstream_gene_variant|MODIFIER|gene-M1|gene-M1|transcript|gene-M1|protein_coding||c.*141C>T|||||141|,T|downstream_gene_variant|MODIFIER|id-M2|id-M2|transcript|id-M2|pseudogene||n.*186C>T|||||186|,T|non_coding_transcript_exon_variant|MODIFIER|gene-M2|gene-M2|transcript|gene-M2|pseudogene|2/2|n.212C>T||||||
NP	405	C	T	180	04_BALF	429	0.025641	T|synonymous_variant|LOW|gene-NP|gene-NP|transcript|gene-NP|protein_coding|1/1|c.405C>T|p.His135His|405/1497|405/1497|135/498||
NS	20	C	T	3076	04_BALF	1002	0.670659	T|missense_variant|MODERATE|gene-NS1|gene-NS1|transcript|gene-NS1|protein_coding|1/1|c.20C>T|p.Ser7Leu|20/693|20/693|7/230||,T|missense_variant|MODERATE|gene-NS2|gene-NS2|transcript|rna-NS2|protein_coding|1/2|c.20C>T|p.Ser7Leu|20/366|20/366|7/121||,T|upstream_gene_variant|MODIFIER|id-NS2|id-NS2|transcript|id-NS2|pseudogene||n.-11C>T|||||11|,T|non_coding_transcript_exon_variant|MODIFIER|gene-NS2|gene-NS2|transcript|gene-NS2|pseudogene|1/2|n.20C>T||||||
NS	143	G	A	233	04_BALF	1694	0.011216	A|missense_variant|MODERATE|gene-NS1|gene-NS1|transcript|gene-NS1|protein_coding|1/1|c.143G>A|p.Ser48Asn|143/693|143/693|48/230||,A|intron_variant|MODIFIER|gene-NS2|gene-NS2|transcript|rna-NS2|protein_coding|1/1|c.30+113G>A||||||,A|intron_variant|MODIFIER|gene-NS2|gene-NS2|transcript|gene-NS2|pseudogene|1/1|n.30+113G>A||||||,A|non_coding_transcript_exon_variant|MODIFIER|id-NS2|id-NS2|transcript|id-NS2|pseudogene|1/1|n.113G>A||||||
NS	225	A	G	125	04_BALF	1666	0.006603	G|synonymous_variant|LOW|gene-NS1|gene-NS1|transcript|gene-NS1|protein_coding|1/1|c.225A>G|p.Glu75Glu|225/693|225/693|75/230||,G|intron_variant|MODIFIER|gene-NS2|gene-NS2|transcript|rna-NS2|protein_coding|1/1|c.30+195A>G||||||,G|intron_variant|MODIFIER|gene-NS2|gene-NS2|transcript|gene-NS2|pseudogene|1/1|n.30+195A>G||||||,G|non_coding_transcript_exon_variant|MODIFIER|id-NS2|id-NS2|transcript|id-NS2|pseudogene|1/1|n.195A>G||||||
NS	259	C	T	403	04_BALF	1864	0.015021	T|missense_variant|MODERATE|gene-NS1|gene-NS1|transcript|gene-NS1|protein_coding|1/1|c.259C>T|p.Pro87Ser|259/693|259/693|87/230||,T|intron_variant|MODIFIER|gene-NS2|gene-NS2|transcript|rna-NS2|protein_coding|1/1|c.30+229C>T||||||,T|intron_variant|MODIFIER|gene-NS2|gene-NS2|transcript|gene-NS2|pseudogene|1/1|n.30+229C>T||||||,T|non_coding_transcript_exon_variant|MODIFIER|id-NS2|id-NS2|transcript|id-NS2|pseudogene|1/1|n.229C>T||||||
NS	465	A	G	123	04_BALF	2136	0.005618	G|synonymous_variant|LOW|gene-NS1|gene-NS1|transcript|gene-NS1|protein_coding|1/1|c.465A>G|p.Ala155Ala|465/693|465/693|155/230||,G|intron_variant|MODIFIER|gene-NS2|gene-NS2|transcript|rna-NS2|protein_coding|1/1|c.31-38A>G||||||,G|intron_variant|MODIFIER|gene-NS2|gene-NS2|transcript|gene-NS2|pseudogene|1/1|n.31-38A>G||||||,G|non_coding_transcript_exon_variant|MODIFIER|id-NS2|id-NS2|transcript|id-NS2|pseudogene|1/1|n.435A>G||||||
NS	466	A	G	171	04_BALF	2149	0.007445	G|missense_variant|MODERATE|gene-NS1|gene-NS1|transcript|gene-NS1|protein_coding|1/1|c.466A>G|p.Ile156Val|466/693|466/693|156/230||,G|intron_variant|MODIFIER|gene-NS2|gene-NS2|transcript|rna-NS2|protein_coding|1/1|c.31-37A>G||||||,G|intron_variant|MODIFIER|gene-NS2|gene-NS2|transcript|gene-NS2|pseudogene|1/1|n.31-37A>G||||||,G|non_coding_transcript_exon_variant|MODIFIER|id-NS2|id-NS2|transcript|id-NS2|pseudogene|1/1|n.436A>G||||||
NS	476	A	G	124	04_BALF	2174	0.00552	G|missense_variant|MODERATE|gene-NS1|gene-NS1|transcript|gene-NS1|protein_coding|1/1|c.476A>G|p.Glu159Gly|476/693|476/693|159/230||,G|intron_variant|MODIFIER|gene-NS2|gene-NS2|transcript|rna-NS2|protein_coding|1/1|c.31-27A>G||||||,G|intron_variant|MODIFIER|gene-NS2|gene-NS2|transcript|gene-NS2|pseudogene|1/1|n.31-27A>G||||||,G|non_coding_transcript_exon_variant|MODIFIER|id-NS2|id-NS2|transcript|id-NS2|pseudogene|1/1|n.446A>G||||||
NS	511	G	A	581	04_BALF	2333	0.016288	A|missense_variant|MODERATE|gene-NS1|gene-NS1|transcript|gene-NS1|protein_coding|1/1|c.511G>A|p.Asp171Asn|511/693|511/693|171/230||,A|synonymous_variant|LOW|gene-NS2|gene-NS2|transcript|rna-NS2|protein_coding|2/2|c.39G>A|p.Leu13Leu|39/366|39/366|13/121||,A|downstream_gene_variant|MODIFIER|id-NS2|id-NS2|transcript|id-NS2|pseudogene||n.*9G>A|||||9|,A|non_coding_transcript_exon_variant|MODIFIER|gene-NS2|gene-NS2|transcript|gene-NS2|pseudogene|2/2|n.39G>A||||||
NS	613	A	G	473	04_BALF	1762	0.017026	G|missense_variant|MODERATE|gene-NS1|gene-NS1|transcript|gene-NS1|protein_coding|1/1|c.613A>G|p.Ser205Gly|613/693|613/693|205/230||,G|synonymous_variant|LOW|gene-NS2|gene-NS2|transcript|rna-NS2|protein_coding|2/2|c.141A>G|p.Glu47Glu|141/366|141/366|47/121||,G|downstream_gene_variant|MODIFIER|id-NS2|id-NS2|transcript|id-NS2|pseudogene||n.*111A>G|||||111|,G|non_coding_transcript_exon_variant|MODIFIER|gene-NS2|gene-NS2|transcript|gene-NS2|pseudogene|2/2|n.141A>G||||||
NS	650	A	G	176	04_BALF	1762	0.008513	G|missense_variant|MODERATE|gene-NS1|gene-NS1|transcript|gene-NS1|protein_coding|1/1|c.650A>G|p.Lys217Arg|650/693|650/693|217/230||,G|missense_variant|MODERATE|gene-NS2|gene-NS2|transcript|rna-NS2|protein_coding|2/2|c.178A>G|p.Asn60Asp|178/366|178/366|60/121||,G|downstream_gene_variant|MODIFIER|id-NS2|id-NS2|transcript|id-NS2|pseudogene||n.*148A>G|||||148|,G|non_coding_transcript_exon_variant|MODIFIER|gene-NS2|gene-NS2|transcript|gene-NS2|pseudogene|2/2|n.178A>G||||||
PA	1609	T	A	724	04_BALF	204	0.142157	A|missense_variant|MODERATE|gene-PA|gene-PA|transcript|gene-PA|protein_coding|1/1|c.1609T>A|p.Trp537Arg|1609/2151|1609/2151|537/716||,A|downstream_gene_variant|MODIFIER|gene-PA-X|gene-PA-X|transcript|rna-PA-X|protein_coding||c.*849T>A|||||849|,A|downstream_gene_variant|MODIFIER|gene-PA-X|gene-PA-X|transcript|gene-PA-X|pseudogene||n.*849T>A|||||849|
PA	1946	T	A	418	04_BALF	399	0.050125	A|missense_variant|MODERATE|gene-PA|gene-PA|transcript|gene-PA|protein_coding|1/1|c.1946T>A|p.Leu649Gln|1946/2151|1946/2151|649/716||,A|downstream_gene_variant|MODIFIER|gene-PA-X|gene-PA-X|transcript|rna-PA-X|protein_coding||c.*1186T>A|||||1186|,A|downstream_gene_variant|MODIFIER|gene-PA-X|gene-PA-X|transcript|gene-PA-X|pseudogene||n.*1186T>A|||||1186|
PB1	1851	T	C	294	04_BALF	227	0.061674	C|synonymous_variant|LOW|gene-PB1|gene-PB1|transcript|gene-PB1|protein_coding|1/1|c.1851T>C|p.Asp617Asp|1851/2274|1851/2274|617/757||,C|downstream_gene_variant|MODIFIER|gene-PB1-F2|gene-PB1-F2|transcript|gene-PB1-F2|protein_coding||c.*1517T>C|||||1517|
PB2	707	A	G	211	04_BALF	320	0.034375	G|missense_variant|MODERATE|gene-PB2|gene-PB2|transcript|gene-PB2|protein_coding|1/1|c.707A>G|p.Gln236Arg|707/2280|707/2280|236/759||
PB2	1199	T	C	304	04_BALF	408	0.039216	C|missense_variant|MODERATE|gene-PB2|gene-PB2|transcript|gene-PB2|protein_coding|1/1|c.1199T>C|p.Val400Ala|1199/2280|1199/2280|400/759||
NA	324	T	C	420	05_BALF	209	0.086124	C|synonymous_variant|LOW|gene-NA|gene-NA|transcript|gene-NA|protein_coding|1/1|c.324T>C|p.Leu108Leu|324/1410|324/1410|108/469||
NA	1356	C	T	984	05_BALF	117	0.299145	T|synonymous_variant|LOW|gene-NA|gene-NA|transcript|gene-NA|protein_coding|1/1|c.1356C>T|p.Thr452Thr|1356/1410|1356/1410|452/469||WARNING_REF_DOES_NOT_MATCH_GENOME
M	585	G	T	147	05_BALF	1146	0.009599	T|synonymous_variant|LOW|gene-M1|gene-M1|transcript|gene-M1|protein_coding|1/1|c.585G>T|p.Ser195Ser|585/759|585/759|195/252||,T|intron_variant|MODIFIER|gene-M2|gene-M2|transcript|rna-M2|protein_coding|1/1|c.27-130G>T||||||,T|intron_variant|MODIFIER|gene-M2|gene-M2|transcript|gene-M2|pseudogene|1/1|n.27-130G>T||||||,T|non_coding_transcript_exon_variant|MODIFIER|id-M2|id-M2|transcript|id-M2|pseudogene|1/1|n.559G>T||||||
NS	301	G	A	112	05_BALF	1039	0.009625	A|missense_variant|MODERATE|gene-NS1|gene-NS1|transcript|gene-NS1|protein_coding|1/1|c.301G>A|p.Asp101Asn|301/693|301/693|101/230||,A|intron_variant|MODIFIER|gene-NS2|gene-NS2|transcript|rna-NS2|protein_coding|1/1|c.31-202G>A||||||,A|intron_variant|MODIFIER|gene-NS2|gene-NS2|transcript|gene-NS2|pseudogene|1/1|n.31-202G>A||||||,A|non_coding_transcript_exon_variant|MODIFIER|id-NS2|id-NS2|transcript|id-NS2|pseudogene|1/1|n.271G>A||||||
NS	724	A	G	530	05_BALF	766	0.037859	G|synonymous_variant|LOW|gene-NS2|gene-NS2|transcript|rna-NS2|protein_coding|2/2|c.252A>G|p.Arg84Arg|252/366|252/366|84/121||,G|downstream_gene_variant|MODIFIER|gene-NS1|gene-NS1|transcript|gene-NS1|protein_coding||c.*31A>G|||||31|,G|downstream_gene_variant|MODIFIER|id-NS2|id-NS2|transcript|id-NS2|pseudogene||n.*222A>G|||||222|,G|non_coding_transcript_exon_variant|MODIFIER|gene-NS2|gene-NS2|transcript|gene-NS2|pseudogene|2/2|n.252A>G||||||
NS	745	G	A	254	05_BALF	623	0.024077	A|synonymous_variant|LOW|gene-NS2|gene-NS2|transcript|rna-NS2|protein_coding|2/2|c.273G>A|p.Glu91Glu|273/366|273/366|91/121||,A|downstream_gene_variant|MODIFIER|gene-NS1|gene-NS1|transcript|gene-NS1|protein_coding||c.*52G>A|||||52|,A|downstream_gene_variant|MODIFIER|id-NS2|id-NS2|transcript|id-NS2|pseudogene||n.*243G>A|||||243|,A|non_coding_transcript_exon_variant|MODIFIER|gene-NS2|gene-NS2|transcript|gene-NS2|pseudogene|2/2|n.273G>A||||||
PA	2010	G	A	205	05_BALF	468	0.023504	A|synonymous_variant|LOW|gene-PA|gene-PA|transcript|gene-PA|protein_coding|1/1|c.2010G>A|p.Gln670Gln|2010/2151|2010/2151|670/716||,A|downstream_gene_variant|MODIFIER|gene-PA-X|gene-PA-X|transcript|rna-PA-X|protein_coding||c.*1250G>A|||||1250|,A|downstream_gene_variant|MODIFIER|gene-PA-X|gene-PA-X|transcript|gene-PA-X|pseudogene||n.*1250G>A|||||1250|
PB2	1165	A	G	290	05_BALF	185	0.07027	G|missense_variant|MODERATE|gene-PB2|gene-PB2|transcript|gene-PB2|protein_coding|1/1|c.1165A>G|p.Arg389Gly|1165/2280|1165/2280|389/759||
HA	1575	G	A	914	06_BALF	153	0.222222	A|missense_variant|MODERATE|gene-HA|gene-HA|transcript|gene-HA|protein_coding|1/1|c.1575G>A|p.Met525Ile|1575/1701|1575/1701|525/566||
NA	1192	G	A	451	06_BALF	368	0.057065	A|missense_variant|MODERATE|gene-NA|gene-NA|transcript|gene-NA|protein_coding|1/1|c.1192G>A|p.Val398Ile|1192/1410|1192/1410|398/469||
NA	1356	C	T	826	06_BALF	227	0.14978	T|synonymous_variant|LOW|gene-NA|gene-NA|transcript|gene-NA|protein_coding|1/1|c.1356C>T|p.Thr452Thr|1356/1410|1356/1410|452/469||WARNING_REF_DOES_NOT_MATCH_GENOME
M	315	G	A	122	06_BALF	1258	0.008744	A|synonymous_variant|LOW|gene-M1|gene-M1|transcript|gene-M1|protein_coding|1/1|c.315G>A|p.Arg105Arg|315/759|315/759|105/252||,A|intron_variant|MODIFIER|gene-M2|gene-M2|transcript|rna-M2|protein_coding|1/1|c.26+289G>A||||||,A|intron_variant|MODIFIER|gene-M2|gene-M2|transcript|gene-M2|pseudogene|1/1|n.26+289G>A||||||,A|non_coding_transcript_exon_variant|MODIFIER|id-M2|id-M2|transcript|id-M2|pseudogene|1/1|n.289G>A||||||
M	468	T	C	289	06_BALF	1485	0.013468	C|synonymous_variant|LOW|gene-M1|gene-M1|transcript|gene-M1|protein_coding|1/1|c.468T>C|p.Asp156Asp|468/759|468/759|156/252||WARNING_REF_DOES_NOT_MATCH_GENOME,C|intron_variant|MODIFIER|gene-M2|gene-M2|transcript|rna-M2|protein_coding|1/1|c.27-247T>C||||||,C|intron_variant|MODIFIER|gene-M2|gene-M2|transcript|gene-M2|pseudogene|1/1|n.27-247T>C||||||,C|non_coding_transcript_exon_variant|MODIFIER|id-M2|id-M2|transcript|id-M2|pseudogene|1/1|n.442T>C||||||WARNING_REF_DOES_NOT_MATCH_GENOME
PA	1311	T	C	349	06_BALF	130	0.107692	C|synonymous_variant|LOW|gene-PA|gene-PA|transcript|gene-PA|protein_coding|1/1|c.1311T>C|p.His437His|1311/2151|1311/2151|437/716||,C|downstream_gene_variant|MODIFIER|gene-PA-X|gene-PA-X|transcript|rna-PA-X|protein_coding||c.*551T>C|||||551|,C|downstream_gene_variant|MODIFIER|gene-PA-X|gene-PA-X|transcript|gene-PA-X|pseudogene||n.*551T>C|||||551|
PA	2056	C	T	183	06_BALF	773	0.015524	T|synonymous_variant|LOW|gene-PA|gene-PA|transcript|gene-PA|protein_coding|1/1|c.2056C>T|p.Leu686Leu|2056/2151|2056/2151|686/716||,T|downstream_gene_variant|MODIFIER|gene-PA-X|gene-PA-X|transcript|rna-PA-X|protein_coding||c.*1296C>T|||||1296|,T|downstream_gene_variant|MODIFIER|gene-PA-X|gene-PA-X|transcript|gene-PA-X|pseudogene||n.*1296C>T|||||1296|
PB1	2232	G	A	249	06_BALF	411	0.03163	A|missense_variant|MODERATE|gene-PB1|gene-PB1|transcript|gene-PB1|protein_coding|1/1|c.2232G>A|p.Met744Ile|2232/2274|2232/2274|744/757||,A|downstream_gene_variant|MODIFIER|gene-PB1-F2|gene-PB1-F2|transcript|gene-PB1-F2|protein_coding||c.*1898G>A|||||1898|
PB2	843	G	A	509	06_BALF	114	0.175439	A|synonymous_variant|LOW|gene-PB2|gene-PB2|transcript|gene-PB2|protein_coding|1/1|c.843G>A|p.Leu281Leu|843/2280|843/2280|281/759||WARNING_REF_DOES_NOT_MATCH_GENOME
HA	189	G	A	786	09_BALF	324	0.104938	A|synonymous_variant|LOW|gene-HA|gene-HA|transcript|gene-HA|protein_coding|1/1|c.189G>A|p.Gly63Gly|189/1701|189/1701|63/566||
HA	1396	G	A	774	09_BALF	208	0.149038	A|missense_variant|MODERATE|gene-HA|gene-HA|transcript|gene-HA|protein_coding|1/1|c.1396G>A|p.Val466Ile|1396/1701|1396/1701|466/566||
NA	273	A	G	264	09_BALF	379	0.034301	G|synonymous_variant|LOW|gene-NA|gene-NA|transcript|gene-NA|protein_coding|1/1|c.273A>G|p.Gln91Gln|273/1410|273/1410|91/469||
NA	718	G	A	310	09_BALF	509	0.033399	A|missense_variant|MODERATE|gene-NA|gene-NA|transcript|gene-NA|protein_coding|1/1|c.718G>A|p.Val240Ile|718/1410|718/1410|240/469||
NA	887	A	G	513	09_BALF	451	0.055432	G|missense_variant|MODERATE|gene-NA|gene-NA|transcript|gene-NA|protein_coding|1/1|c.887A>G|p.Lys296Arg|887/1410|887/1410|296/469||
NA	1356	C	T	1635	09_BALF	266	0.225564	T|synonymous_variant|LOW|gene-NA|gene-NA|transcript|gene-NA|protein_coding|1/1|c.1356C>T|p.Thr452Thr|1356/1410|1356/1410|452/469||WARNING_REF_DOES_NOT_MATCH_GENOME
M	324	G	A	1592	09_BALF	2488	0.034968	A|synonymous_variant|LOW|gene-M1|gene-M1|transcript|gene-M1|protein_coding|1/1|c.324G>A|p.Thr108Thr|324/759|324/759|108/252||,A|intron_variant|MODIFIER|gene-M2|gene-M2|transcript|rna-M2|protein_coding|1/1|c.26+298G>A||||||,A|intron_variant|MODIFIER|gene-M2|gene-M2|transcript|gene-M2|pseudogene|1/1|n.26+298G>A||||||,A|non_coding_transcript_exon_variant|MODIFIER|id-M2|id-M2|transcript|id-M2|pseudogene|1/1|n.298G>A||||||
NP	870	C	A	484	09_BALF	569	0.042179	A|missense_variant|MODERATE|gene-NP|gene-NP|transcript|gene-NP|protein_coding|1/1|c.870C>A|p.Asp290Glu|870/1497|870/1497|290/498||
NS	314	T	C	115	09_BALF	2216	0.005415	C|missense_variant|MODERATE|gene-NS1|gene-NS1|transcript|gene-NS1|protein_coding|1/1|c.314T>C|p.Leu105Pro|314/693|314/693|105/230||,C|intron_variant|MODIFIER|gene-NS2|gene-NS2|transcript|rna-NS2|protein_coding|1/1|c.31-189T>C||||||,C|intron_variant|MODIFIER|gene-NS2|gene-NS2|transcript|gene-NS2|pseudogene|1/1|n.31-189T>C||||||,C|non_coding_transcript_exon_variant|MODIFIER|id-NS2|id-NS2|transcript|id-NS2|pseudogene|1/1|n.284T>C||||||
NS	363	G	T	104	09_BALF	1602	0.010612	T|synonymous_variant|LOW|gene-NS1|gene-NS1|transcript|gene-NS1|protein_coding|1/1|c.363G>T|p.His121His|363/693|363/693|121/230||WARNING_REF_DOES_NOT_MATCH_GENOME,T|intron_variant|MODIFIER|gene-NS2|gene-NS2|transcript|rna-NS2|protein_coding|1/1|c.31-140G>T||||||,T|intron_variant|MODIFIER|gene-NS2|gene-NS2|transcript|gene-NS2|pseudogene|1/1|n.31-140G>T||||||,T|non_coding_transcript_exon_variant|MODIFIER|id-NS2|id-NS2|transcript|id-NS2|pseudogene|1/1|n.333G>T||||||WARNING_REF_DOES_NOT_MATCH_GENOME
NS	661	A	G	242	09_BALF	1809	0.00995	G|missense_variant|MODERATE|gene-NS1|gene-NS1|transcript|gene-NS1|protein_coding|1/1|c.661A>G|p.Lys221Glu|661/693|661/693|221/230||,G|synonymous_variant|LOW|gene-NS2|gene-NS2|transcript|rna-NS2|protein_coding|2/2|c.189A>G|p.Gly63Gly|189/366|189/366|63/121||,G|downstream_gene_variant|MODIFIER|id-NS2|id-NS2|transcript|id-NS2|pseudogene||n.*159A>G|||||159|,G|non_coding_transcript_exon_variant|MODIFIER|gene-NS2|gene-NS2|transcript|gene-NS2|pseudogene|2/2|n.189A>G||||||
PA	306	G	A	225	09_BALF	169	0.059172	A|synonymous_variant|LOW|gene-PA-X|gene-PA-X|transcript|rna-PA-X|protein_coding|1/2|c.306G>A|p.Lys102Lys|306/759|306/759|102/252||,A|synonymous_variant|LOW|gene-PA|gene-PA|transcript|gene-PA|protein_coding|1/1|c.306G>A|p.Lys102Lys|306/2151|306/2151|102/716||,A|non_coding_transcript_exon_variant|MODIFIER|gene-PA-X|gene-PA-X|transcript|gene-PA-X|pseudogene|1/2|n.306G>A||||||
PB1	1363	A	G	589	09_BALF	216	0.115741	G|missense_variant|MODERATE|gene-PB1|gene-PB1|transcript|gene-PB1|protein_coding|1/1|c.1363A>G|p.Asn455Asp|1363/2274|1363/2274|455/757||,G|downstream_gene_variant|MODIFIER|gene-PB1-F2|gene-PB1-F2|transcript|gene-PB1-F2|protein_coding||c.*1029A>G|||||1029|
PB1	1458	G	A	727	09_BALF	282	0.106383	A|synonymous_variant|LOW|gene-PB1|gene-PB1|transcript|gene-PB1|protein_coding|1/1|c.1458G>A|p.Arg486Arg|1458/2274|1458/2274|486/757||,A|downstream_gene_variant|MODIFIER|gene-PB1-F2|gene-PB1-F2|transcript|gene-PB1-F2|protein_coding||c.*1124G>A|||||1124|
PB1	2223	T	G	234	09_BALF	481	0.027027	G|synonymous_variant|LOW|gene-PB1|gene-PB1|transcript|gene-PB1|protein_coding|1/1|c.2223T>G|p.Ala741Ala|2223/2274|2223/2274|741/757||,G|downstream_gene_variant|MODIFIER|gene-PB1-F2|gene-PB1-F2|transcript|gene-PB1-F2|protein_coding||c.*1889T>G|||||1889|
PB2	213	C	T	215	09_BALF	326	0.033742	T|synonymous_variant|LOW|gene-PB2|gene-PB2|transcript|gene-PB2|protein_coding|1/1|c.213C>T|p.Asn71Asn|213/2280|213/2280|71/759||WARNING_REF_DOES_NOT_MATCH_GENOME
PB2	873	A	G	1585	09_BALF	423	0.1513	G|synonymous_variant|LOW|gene-PB2|gene-PB2|transcript|gene-PB2|protein_coding|1/1|c.873A>G|p.Gly291Gly|873/2280|873/2280|291/759||
PB2	1981	G	A	168	09_BALF	461	0.021692	A|missense_variant|MODERATE|gene-PB2|gene-PB2|transcript|gene-PB2|protein_coding|1/1|c.1981G>A|p.Ala661Thr|1981/2280|1981/2280|661/759||
NA	1356	C	T	772	10_BALF	148	0.195946	T|synonymous_variant|LOW|gene-NA|gene-NA|transcript|gene-NA|protein_coding|1/1|c.1356C>T|p.Thr452Thr|1356/1410|1356/1410|452/469||WARNING_REF_DOES_NOT_MATCH_GENOME
M	534	A	G	128	10_BALF	2017	0.005454	G|synonymous_variant|LOW|gene-M1|gene-M1|transcript|gene-M1|protein_coding|1/1|c.534A>G|p.Arg178Arg|534/759|534/759|178/252||,G|intron_variant|MODIFIER|gene-M2|gene-M2|transcript|rna-M2|protein_coding|1/1|c.27-181A>G||||||,G|intron_variant|MODIFIER|gene-M2|gene-M2|transcript|gene-M2|pseudogene|1/1|n.27-181A>G||||||,G|non_coding_transcript_exon_variant|MODIFIER|id-M2|id-M2|transcript|id-M2|pseudogene|1/1|n.508A>G||||||
M	753	C	T	131	10_BALF	1375	0.008	T|missense_variant|MODERATE|gene-M2|gene-M2|transcript|rna-M2|protein_coding|2/2|c.65C>T|p.Ser22Leu|65/294|65/294|22/97||,T|synonymous_variant|LOW|gene-M1|gene-M1|transcript|gene-M1|protein_coding|1/1|c.753C>T|p.Phe251Phe|753/759|753/759|251/252||,T|downstream_gene_variant|MODIFIER|id-M2|id-M2|transcript|id-M2|pseudogene||n.*39C>T|||||39|,T|non_coding_transcript_exon_variant|MODIFIER|gene-M2|gene-M2|transcript|gene-M2|pseudogene|2/2|n.65C>T||||||
NP	1059	C	T	552	10_BALF	348	0.077586	T|synonymous_variant|LOW|gene-NP|gene-NP|transcript|gene-NP|protein_coding|1/1|c.1059C>T|p.Ile353Ile|1059/1497|1059/1497|353/498||
NS	363	G	T	206	10_BALF	1128	0.021277	T|synonymous_variant|LOW|gene-NS1|gene-NS1|transcript|gene-NS1|protein_coding|1/1|c.363G>T|p.His121His|363/693|363/693|121/230||WARNING_REF_DOES_NOT_MATCH_GENOME,T|intron_variant|MODIFIER|gene-NS2|gene-NS2|transcript|rna-NS2|protein_coding|1/1|c.31-140G>T||||||,T|intron_variant|MODIFIER|gene-NS2|gene-NS2|transcript|gene-NS2|pseudogene|1/1|n.31-140G>T||||||,T|non_coding_transcript_exon_variant|MODIFIER|id-NS2|id-NS2|transcript|id-NS2|pseudogene|1/1|n.333G>T||||||WARNING_REF_DOES_NOT_MATCH_GENOME
PB2	213	C	T	273	10_BALF	213	0.061033	T|synonymous_variant|LOW|gene-PB2|gene-PB2|transcript|gene-PB2|protein_coding|1/1|c.213C>T|p.Asn71Asn|213/2280|213/2280|71/759||WARNING_REF_DOES_NOT_MATCH_GENOME
PB2	1676	C	T	417	10_BALF	259	0.069498	T|missense_variant|MODERATE|gene-PB2|gene-PB2|transcript|gene-PB2|protein_coding|1/1|c.1676C>T|p.Thr559Ile|1676/2280|1676/2280|559/759||
M	280	G	A	1724	11_BALF	531	0.137476	A|missense_variant|MODERATE|gene-M1|gene-M1|transcript|gene-M1|protein_coding|1/1|c.280G>A|p.Asp94Asn|280/759|280/759|94/252||,A|intron_variant|MODIFIER|gene-M2|gene-M2|transcript|rna-M2|protein_coding|1/1|c.26+254G>A||||||,A|intron_variant|MODIFIER|gene-M2|gene-M2|transcript|gene-M2|pseudogene|1/1|n.26+254G>A||||||,A|non_coding_transcript_exon_variant|MODIFIER|id-M2|id-M2|transcript|id-M2|pseudogene|1/1|n.254G>A||||||
M	799	C	T	265	11_BALF	427	0.039813	T|synonymous_variant|LOW|gene-M2|gene-M2|transcript|rna-M2|protein_coding|2/2|c.111C>T|p.His37His|111/294|111/294|37/97||,T|downstream_gene_variant|MODIFIER|gene-M1|gene-M1|transcript|gene-M1|protein_coding||c.*40C>T|||||40|,T|downstream_gene_variant|MODIFIER|id-M2|id-M2|transcript|id-M2|pseudogene||n.*85C>T|||||85|,T|non_coding_transcript_exon_variant|MODIFIER|gene-M2|gene-M2|transcript|gene-M2|pseudogene|2/2|n.111C>T||||||
NS	496	C	T	356	11_BALF	305	0.059016	T|missense_variant|MODERATE|gene-NS1|gene-NS1|transcript|gene-NS1|protein_coding|1/1|c.496C>T|p.Leu166Phe|496/693|496/693|166/230||,T|splice_region_variant&intron_variant|LOW|gene-NS2|gene-NS2|transcript|rna-NS2|protein_coding|1/1|c.31-7C>T||||||,T|splice_region_variant&intron_variant|LOW|gene-NS2|gene-NS2|transcript|gene-NS2|pseudogene|1/1|n.31-7C>T||||||,T|non_coding_transcript_exon_variant|MODIFIER|id-NS2|id-NS2|transcript|id-NS2|pseudogene|1/1|n.466C>T||||||
PB2	213	C	T	440	11_BALF	136	0.132353	T|synonymous_variant|LOW|gene-PB2|gene-PB2|transcript|gene-PB2|protein_coding|1/1|c.213C>T|p.Asn71Asn|213/2280|213/2280|71/759||WARNING_REF_DOES_NOT_MATCH_GENOME
PB2	878	G	A	560	11_BALF	243	0.098765	A|missense_variant|MODERATE|gene-PB2|gene-PB2|transcript|gene-PB2|protein_coding|1/1|c.878G>A|p.Arg293Lys|878/2280|878/2280|293/759||
NA	1023	C	T	732	12_BALF	789	0.045627	T|synonymous_variant|LOW|gene-NA|gene-NA|transcript|gene-NA|protein_coding|1/1|c.1023C>T|p.Asn341Asn|1023/1410|1023/1410|341/469||
NA	1356	C	T	359	12_BALF	408	0.044118	T|synonymous_variant|LOW|gene-NA|gene-NA|transcript|gene-NA|protein_coding|1/1|c.1356C>T|p.Thr452Thr|1356/1410|1356/1410|452/469||WARNING_REF_DOES_NOT_MATCH_GENOME
M	150	G	A	701	12_BALF	3433	0.014565	A|synonymous_variant|LOW|gene-M1|gene-M1|transcript|gene-M1|protein_coding|1/1|c.150G>A|p.Pro50Pro|150/759|150/759|50/252||,A|intron_variant|MODIFIER|gene-M2|gene-M2|transcript|rna-M2|protein_coding|1/1|c.26+124G>A||||||,A|intron_variant|MODIFIER|gene-M2|gene-M2|transcript|gene-M2|pseudogene|1/1|n.26+124G>A||||||,A|non_coding_transcript_exon_variant|MODIFIER|id-M2|id-M2|transcript|id-M2|pseudogene|1/1|n.124G>A||||||
M	178	C	T	674	12_BALF	3546	0.01269	T|synonymous_variant|LOW|gene-M1|gene-M1|transcript|gene-M1|protein_coding|1/1|c.178C>T|p.Leu60Leu|178/759|178/759|60/252||,T|intron_variant|MODIFIER|gene-M2|gene-M2|transcript|rna-M2|protein_coding|1/1|c.26+152C>T||||||,T|intron_variant|MODIFIER|gene-M2|gene-M2|transcript|gene-M2|pseudogene|1/1|n.26+152C>T||||||,T|non_coding_transcript_exon_variant|MODIFIER|id-M2|id-M2|transcript|id-M2|pseudogene|1/1|n.152C>T||||||
M	186	T	C	639	12_BALF	3522	0.012209	C|synonymous_variant|LOW|gene-M1|gene-M1|transcript|gene-M1|protein_coding|1/1|c.186T>C|p.Phe62Phe|186/759|186/759|62/252||,C|intron_variant|MODIFIER|gene-M2|gene-M2|transcript|rna-M2|protein_coding|1/1|c.26+160T>C||||||,C|intron_variant|MODIFIER|gene-M2|gene-M2|transcript|gene-M2|pseudogene|1/1|n.26+160T>C||||||,C|non_coding_transcript_exon_variant|MODIFIER|id-M2|id-M2|transcript|id-M2|pseudogene|1/1|n.160T>C||||||
M	240	T	C	619	12_BALF	3802	0.012362	C|synonymous_variant|LOW|gene-M1|gene-M1|transcript|gene-M1|protein_coding|1/1|c.240T>C|p.Val80Val|240/759|240/759|80/252||,C|intron_variant|MODIFIER|gene-M2|gene-M2|transcript|rna-M2|protein_coding|1/1|c.26+214T>C||||||,C|intron_variant|MODIFIER|gene-M2|gene-M2|transcript|gene-M2|pseudogene|1/1|n.26+214T>C||||||,C|non_coding_transcript_exon_variant|MODIFIER|id-M2|id-M2|transcript|id-M2|pseudogene|1/1|n.214T>C||||||
M	255	C	T	482	12_BALF	4145	0.008926	T|synonymous_variant|LOW|gene-M1|gene-M1|transcript|gene-M1|protein_coding|1/1|c.255C>T|p.Asn85Asn|255/759|255/759|85/252||,T|intron_variant|MODIFIER|gene-M2|gene-M2|transcript|rna-M2|protein_coding|1/1|c.26+229C>T||||||,T|intron_variant|MODIFIER|gene-M2|gene-M2|transcript|gene-M2|pseudogene|1/1|n.26+229C>T||||||,T|non_coding_transcript_exon_variant|MODIFIER|id-M2|id-M2|transcript|id-M2|pseudogene|1/1|n.229C>T||||||
M	270	T	G	551	12_BALF	4351	0.009883	G|synonymous_variant|LOW|gene-M1|gene-M1|transcript|gene-M1|protein_coding|1/1|c.270T>G|p.Pro90Pro|270/759|270/759|90/252||,G|intron_variant|MODIFIER|gene-M2|gene-M2|transcript|rna-M2|protein_coding|1/1|c.26+244T>G||||||,G|intron_variant|MODIFIER|gene-M2|gene-M2|transcript|gene-M2|pseudogene|1/1|n.26+244T>G||||||,G|non_coding_transcript_exon_variant|MODIFIER|id-M2|id-M2|transcript|id-M2|pseudogene|1/1|n.244T>G||||||
M	297	A	G	491	12_BALF	4236	0.008971	G|synonymous_variant|LOW|gene-M1|gene-M1|transcript|gene-M1|protein_coding|1/1|c.297A>G|p.Leu99Leu|297/759|297/759|99/252||,G|intron_variant|MODIFIER|gene-M2|gene-M2|transcript|rna-M2|protein_coding|1/1|c.26+271A>G||||||,G|intron_variant|MODIFIER|gene-M2|gene-M2|transcript|gene-M2|pseudogene|1/1|n.26+271A>G||||||,G|non_coding_transcript_exon_variant|MODIFIER|id-M2|id-M2|transcript|id-M2|pseudogene|1/1|n.271A>G||||||
M	312	G	A	470	12_BALF	4277	0.008651	A|synonymous_variant|LOW|gene-M1|gene-M1|transcript|gene-M1|protein_coding|1/1|c.312G>A|p.Lys104Lys|312/759|312/759|104/252||,A|intron_variant|MODIFIER|gene-M2|gene-M2|transcript|rna-M2|protein_coding|1/1|c.26+286G>A||||||,A|intron_variant|MODIFIER|gene-M2|gene-M2|transcript|gene-M2|pseudogene|1/1|n.26+286G>A||||||,A|non_coding_transcript_exon_variant|MODIFIER|id-M2|id-M2|transcript|id-M2|pseudogene|1/1|n.286G>A||||||
M	333	G	A	378	12_BALF	4483	0.008253	A|synonymous_variant|LOW|gene-M1|gene-M1|transcript|gene-M1|protein_coding|1/1|c.333G>A|p.Gly111Gly|333/759|333/759|111/252||,A|intron_variant|MODIFIER|gene-M2|gene-M2|transcript|rna-M2|protein_coding|1/1|c.26+307G>A||||||,A|intron_variant|MODIFIER|gene-M2|gene-M2|transcript|gene-M2|pseudogene|1/1|n.26+307G>A||||||,A|non_coding_transcript_exon_variant|MODIFIER|id-M2|id-M2|transcript|id-M2|pseudogene|1/1|n.307G>A||||||
M	342	A	G	545	12_BALF	4387	0.01003	G|synonymous_variant|LOW|gene-M1|gene-M1|transcript|gene-M1|protein_coding|1/1|c.342A>G|p.Glu114Glu|342/759|342/759|114/252||,G|intron_variant|MODIFIER|gene-M2|gene-M2|transcript|rna-M2|protein_coding|1/1|c.26+316A>G||||||,G|intron_variant|MODIFIER|gene-M2|gene-M2|transcript|gene-M2|pseudogene|1/1|n.26+316A>G||||||,G|non_coding_transcript_exon_variant|MODIFIER|id-M2|id-M2|transcript|id-M2|pseudogene|1/1|n.316A>G||||||
M	366	C	T	635	12_BALF	4428	0.011292	T|synonymous_variant|LOW|gene-M1|gene-M1|transcript|gene-M1|protein_coding|1/1|c.366C>T|p.Gly122Gly|366/759|366/759|122/252||,T|intron_variant|MODIFIER|gene-M2|gene-M2|transcript|rna-M2|protein_coding|1/1|c.26+340C>T||||||,T|intron_variant|MODIFIER|gene-M2|gene-M2|transcript|gene-M2|pseudogene|1/1|n.26+340C>T||||||,T|non_coding_transcript_exon_variant|MODIFIER|id-M2|id-M2|transcript|id-M2|pseudogene|1/1|n.340C>T||||||
M	369	T	A	579	12_BALF	4449	0.010789	A|synonymous_variant|LOW|gene-M1|gene-M1|transcript|gene-M1|protein_coding|1/1|c.369T>A|p.Ala123Ala|369/759|369/759|123/252||,A|intron_variant|MODIFIER|gene-M2|gene-M2|transcript|rna-M2|protein_coding|1/1|c.26+343T>A||||||,A|intron_variant|MODIFIER|gene-M2|gene-M2|transcript|gene-M2|pseudogene|1/1|n.26+343T>A||||||,A|non_coding_transcript_exon_variant|MODIFIER|id-M2|id-M2|transcript|id-M2|pseudogene|1/1|n.343T>A||||||
M	399	T	C	1073	12_BALF	5112	0.014476	C|synonymous_variant|LOW|gene-M1|gene-M1|transcript|gene-M1|protein_coding|1/1|c.399T>C|p.Asn133Asn|399/759|399/759|133/252||,C|intron_variant|MODIFIER|gene-M2|gene-M2|transcript|rna-M2|protein_coding|1/1|c.27-316T>C||||||,C|intron_variant|MODIFIER|gene-M2|gene-M2|transcript|gene-M2|pseudogene|1/1|n.27-316T>C||||||,C|non_coding_transcript_exon_variant|MODIFIER|id-M2|id-M2|transcript|id-M2|pseudogene|1/1|n.373T>C||||||
M	427	T	G	793	12_BALF	4910	0.01222	G|missense_variant|MODERATE|gene-M1|gene-M1|transcript|gene-M1|protein_coding|1/1|c.427T>G|p.Ser143Ala|427/759|427/759|143/252||,G|intron_variant|MODIFIER|gene-M2|gene-M2|transcript|rna-M2|protein_coding|1/1|c.27-288T>G||||||,G|intron_variant|MODIFIER|gene-M2|gene-M2|transcript|gene-M2|pseudogene|1/1|n.27-288T>G||||||,G|non_coding_transcript_exon_variant|MODIFIER|id-M2|id-M2|transcript|id-M2|pseudogene|1/1|n.401T>G||||||
M	462	C	T	562	12_BALF	4997	0.009005	T|synonymous_variant|LOW|gene-M1|gene-M1|transcript|gene-M1|protein_coding|1/1|c.462C>T|p.Ile154Ile|462/759|462/759|154/252||,T|intron_variant|MODIFIER|gene-M2|gene-M2|transcript|rna-M2|protein_coding|1/1|c.27-253C>T||||||,T|intron_variant|MODIFIER|gene-M2|gene-M2|transcript|gene-M2|pseudogene|1/1|n.27-253C>T||||||,T|non_coding_transcript_exon_variant|MODIFIER|id-M2|id-M2|transcript|id-M2|pseudogene|1/1|n.436C>T||||||
M	483	A	T	410	12_BALF	5067	0.0075	T|synonymous_variant|LOW|gene-M1|gene-M1|transcript|gene-M1|protein_coding|1/1|c.483A>T|p.Ser161Ser|483/759|483/759|161/252||,T|intron_variant|MODIFIER|gene-M2|gene-M2|transcript|rna-M2|protein_coding|1/1|c.27-232A>T||||||,T|intron_variant|MODIFIER|gene-M2|gene-M2|transcript|gene-M2|pseudogene|1/1|n.27-232A>T||||||,T|non_coding_transcript_exon_variant|MODIFIER|id-M2|id-M2|transcript|id-M2|pseudogene|1/1|n.457A>T||||||
M	514	C	T	547	12_BALF	5234	0.008789	T|synonymous_variant|LOW|gene-M1|gene-M1|transcript|gene-M1|protein_coding|1/1|c.514C>T|p.Leu172Leu|514/759|514/759|172/252||,T|intron_variant|MODIFIER|gene-M2|gene-M2|transcript|rna-M2|protein_coding|1/1|c.27-201C>T||||||,T|intron_variant|MODIFIER|gene-M2|gene-M2|transcript|gene-M2|pseudogene|1/1|n.27-201C>T||||||,T|non_coding_transcript_exon_variant|MODIFIER|id-M2|id-M2|transcript|id-M2|pseudogene|1/1|n.488C>T||||||
M	540	A	T	415	12_BALF	5140	0.007393	T|synonymous_variant|LOW|gene-M1|gene-M1|transcript|gene-M1|protein_coding|1/1|c.540A>T|p.Val180Val|540/759|540/759|180/252||,T|intron_variant|MODIFIER|gene-M2|gene-M2|transcript|rna-M2|protein_coding|1/1|c.27-175A>T||||||,T|intron_variant|MODIFIER|gene-M2|gene-M2|transcript|gene-M2|pseudogene|1/1|n.27-175A>T||||||,T|non_coding_transcript_exon_variant|MODIFIER|id-M2|id-M2|transcript|id-M2|pseudogene|1/1|n.514A>T||||||
M	561	G	A	498	12_BALF	4767	0.008601	A|synonymous_variant|LOW|gene-M1|gene-M1|transcript|gene-M1|protein_coding|1/1|c.561G>A|p.Lys187Lys|561/759|561/759|187/252||,A|intron_variant|MODIFIER|gene-M2|gene-M2|transcript|rna-M2|protein_coding|1/1|c.27-154G>A||||||,A|intron_variant|MODIFIER|gene-M2|gene-M2|transcript|gene-M2|pseudogene|1/1|n.27-154G>A||||||,A|non_coding_transcript_exon_variant|MODIFIER|id-M2|id-M2|transcript|id-M2|pseudogene|1/1|n.535G>A||||||
M	602	A	G	396	12_BALF	4578	0.007427	G|missense_variant|MODERATE|gene-M1|gene-M1|transcript|gene-M1|protein_coding|1/1|c.602A>G|p.Glu201Gly|602/759|602/759|201/252||,G|intron_variant|MODIFIER|gene-M2|gene-M2|transcript|rna-M2|protein_coding|1/1|c.27-113A>G||||||,G|intron_variant|MODIFIER|gene-M2|gene-M2|transcript|gene-M2|pseudogene|1/1|n.27-113A>G||||||,G|non_coding_transcript_exon_variant|MODIFIER|id-M2|id-M2|transcript|id-M2|pseudogene|1/1|n.576A>G||||||
M	639	G	A	457	12_BALF	4633	0.008634	A|synonymous_variant|LOW|gene-M1|gene-M1|transcript|gene-M1|protein_coding|1/1|c.639G>A|p.Val213Val|639/759|639/759|213/252||,A|intron_variant|MODIFIER|gene-M2|gene-M2|transcript|rna-M2|protein_coding|1/1|c.27-76G>A||||||,A|intron_variant|MODIFIER|gene-M2|gene-M2|transcript|gene-M2|pseudogene|1/1|n.27-76G>A||||||,A|non_coding_transcript_exon_variant|MODIFIER|id-M2|id-M2|transcript|id-M2|pseudogene|1/1|n.613G>A||||||
M	660	G	A	184	12_BALF	4554	0.004831	A|synonymous_variant|LOW|gene-M1|gene-M1|transcript|gene-M1|protein_coding|1/1|c.660G>A|p.Gly220Gly|660/759|660/759|220/252||,A|intron_variant|MODIFIER|gene-M2|gene-M2|transcript|rna-M2|protein_coding|1/1|c.27-55G>A||||||,A|intron_variant|MODIFIER|gene-M2|gene-M2|transcript|gene-M2|pseudogene|1/1|n.27-55G>A||||||,A|non_coding_transcript_exon_variant|MODIFIER|id-M2|id-M2|transcript|id-M2|pseudogene|1/1|n.634G>A||||||
M	666	T	C	235	12_BALF	4573	0.005686	C|synonymous_variant|LOW|gene-M1|gene-M1|transcript|gene-M1|protein_coding|1/1|c.666T>C|p.His222His|666/759|666/759|222/252||,C|intron_variant|MODIFIER|gene-M2|gene-M2|transcript|rna-M2|protein_coding|1/1|c.27-49T>C||||||,C|intron_variant|MODIFIER|gene-M2|gene-M2|transcript|gene-M2|pseudogene|1/1|n.27-49T>C||||||,C|non_coding_transcript_exon_variant|MODIFIER|id-M2|id-M2|transcript|id-M2|pseudogene|1/1|n.640T>C||||||
M	669	C	T	326	12_BALF	4563	0.006575	T|synonymous_variant|LOW|gene-M1|gene-M1|transcript|gene-M1|protein_coding|1/1|c.669C>T|p.Pro223Pro|669/759|669/759|223/252||,T|intron_variant|MODIFIER|gene-M2|gene-M2|transcript|rna-M2|protein_coding|1/1|c.27-46C>T||||||,T|intron_variant|MODIFIER|gene-M2|gene-M2|transcript|gene-M2|pseudogene|1/1|n.27-46C>T||||||,T|non_coding_transcript_exon_variant|MODIFIER|id-M2|id-M2|transcript|id-M2|pseudogene|1/1|n.643C>T||||||
M	679	G	A	374	12_BALF	4451	0.007639	A|missense_variant|MODERATE|gene-M1|gene-M1|transcript|gene-M1|protein_coding|1/1|c.679G>A|p.Ala227Thr|679/759|679/759|227/252||,A|intron_variant|MODIFIER|gene-M2|gene-M2|transcript|rna-M2|protein_coding|1/1|c.27-36G>A||||||,A|intron_variant|MODIFIER|gene-M2|gene-M2|transcript|gene-M2|pseudogene|1/1|n.27-36G>A||||||,A|non_coding_transcript_exon_variant|MODIFIER|id-M2|id-M2|transcript|id-M2|pseudogene|1/1|n.653G>A||||||
M	711	G	A	366	12_BALF	4064	0.007382	A|splice_region_variant&intron_variant|LOW|gene-M2|gene-M2|transcript|rna-M2|protein_coding|1/1|c.27-4G>A||||||,A|splice_region_variant&intron_variant|LOW|gene-M2|gene-M2|transcript|gene-M2|pseudogene|1/1|n.27-4G>A||||||,A|synonymous_variant|LOW|gene-M1|gene-M1|transcript|gene-M1|protein_coding|1/1|c.711G>A|p.Leu237Leu|711/759|711/759|237/252||,A|non_coding_transcript_exon_variant|MODIFIER|id-M2|id-M2|transcript|id-M2|pseudogene|1/1|n.685G>A||||||
M	713	A	G	138	12_BALF	4011	0.00374	G|splice_acceptor_variant&intron_variant|HIGH|gene-M2|gene-M2|transcript|rna-M2|protein_coding|1/1|c.27-2A>G||||||,G|splice_acceptor_variant&intron_variant|HIGH|gene-M2|gene-M2|transcript|gene-M2|pseudogene|1/1|n.27-2A>G||||||,G|missense_variant|MODERATE|gene-M1|gene-M1|transcript|gene-M1|protein_coding|1/1|c.713A>G|p.Gln238Arg|713/759|713/759|238/252||,G|splice_region_variant&non_coding_transcript_exon_variant|LOW|id-M2|id-M2|transcript|id-M2|pseudogene|1/1|n.687A>G||||||
M	726	G	A	314	12_BALF	3979	0.00754	A|missense_variant|MODERATE|gene-M2|gene-M2|transcript|rna-M2|protein_coding|2/2|c.38G>A|p.Ser13Asn|38/294|38/294|13/97||,A|synonymous_variant|LOW|gene-M1|gene-M1|transcript|gene-M1|protein_coding|1/1|c.726G>A|p.Lys242Lys|726/759|726/759|242/252||,A|downstream_gene_variant|MODIFIER|id-M2|id-M2|transcript|id-M2|pseudogene||n.*12G>A|||||12|,A|non_coding_transcript_exon_variant|MODIFIER|gene-M2|gene-M2|transcript|gene-M2|pseudogene|2/2|n.38G>A||||||
M	735	A	G	80	12_BALF	3867	0.002845	G|missense_variant|MODERATE|gene-M2|gene-M2|transcript|rna-M2|protein_coding|2/2|c.47A>G|p.Glu16Gly|47/294|47/294|16/97||,G|synonymous_variant|LOW|gene-M1|gene-M1|transcript|gene-M1|protein_coding|1/1|c.735A>G|p.Gly245Gly|735/759|735/759|245/252||,G|downstream_gene_variant|MODIFIER|id-M2|id-M2|transcript|id-M2|pseudogene||n.*21A>G|||||21|,G|non_coding_transcript_exon_variant|MODIFIER|gene-M2|gene-M2|transcript|gene-M2|pseudogene|2/2|n.47A>G||||||
M	741	A	G	227	12_BALF	4028	0.005462	G|missense_variant|MODERATE|gene-M2|gene-M2|transcript|rna-M2|protein_coding|2/2|c.53A>G|p.Lys18Arg|53/294|53/294|18/97||,G|synonymous_variant|LOW|gene-M1|gene-M1|transcript|gene-M1|protein_coding|1/1|c.741A>G|p.Gln247Gln|741/759|741/759|247/252||,G|downstream_gene_variant|MODIFIER|id-M2|id-M2|transcript|id-M2|pseudogene||n.*27A>G|||||27|,G|non_coding_transcript_exon_variant|MODIFIER|gene-M2|gene-M2|transcript|gene-M2|pseudogene|2/2|n.53A>G||||||
M	744	A	G	198	12_BALF	3937	0.005334	G|missense_variant|MODERATE|gene-M1|gene-M1|transcript|gene-M1|protein_coding|1/1|c.744A>G|p.Ile248Met|744/759|744/759|248/252||,G|missense_variant|MODERATE|gene-M2|gene-M2|transcript|rna-M2|protein_coding|2/2|c.56A>G|p.Tyr19Cys|56/294|56/294|19/97||,G|downstream_gene_variant|MODIFIER|id-M2|id-M2|transcript|id-M2|pseudogene||n.*30A>G|||||30|,G|non_coding_transcript_exon_variant|MODIFIER|gene-M2|gene-M2|transcript|gene-M2|pseudogene|2/2|n.56A>G||||||
M	750	G	A	148	12_BALF	3798	0.004476	A|missense_variant|MODERATE|gene-M2|gene-M2|transcript|rna-M2|protein_coding|2/2|c.62G>A|p.Gly21Asp|62/294|62/294|21/97||,A|synonymous_variant|LOW|gene-M1|gene-M1|transcript|gene-M1|protein_coding|1/1|c.750G>A|p.Arg250Arg|750/759|750/759|250/252||,A|downstream_gene_variant|MODIFIER|id-M2|id-M2|transcript|id-M2|pseudogene||n.*36G>A|||||36|,A|non_coding_transcript_exon_variant|MODIFIER|gene-M2|gene-M2|transcript|gene-M2|pseudogene|2/2|n.62G>A||||||
M	761	G	C	86	12_BALF	3882	0.002834	C|missense_variant|MODERATE|gene-M2|gene-M2|transcript|rna-M2|protein_coding|2/2|c.73G>C|p.Ala25Pro|73/294|73/294|25/97||,C|downstream_gene_variant|MODIFIER|gene-M1|gene-M1|transcript|gene-M1|protein_coding||c.*2G>C|||||2|,C|downstream_gene_variant|MODIFIER|id-M2|id-M2|transcript|id-M2|pseudogene||n.*47G>C|||||47|,C|non_coding_transcript_exon_variant|MODIFIER|gene-M2|gene-M2|transcript|gene-M2|pseudogene|2/2|n.73G>C||||||
M	764	A	C	94	12_BALF	3869	0.002843	C|missense_variant|MODERATE|gene-M2|gene-M2|transcript|rna-M2|protein_coding|2/2|c.76A>C|p.Ile26Leu|76/294|76/294|26/97||,C|downstream_gene_variant|MODIFIER|gene-M1|gene-M1|transcript|gene-M1|protein_coding||c.*5A>C|||||5|,C|downstream_gene_variant|MODIFIER|id-M2|id-M2|transcript|id-M2|pseudogene||n.*50A>C|||||50|,C|non_coding_transcript_exon_variant|MODIFIER|gene-M2|gene-M2|transcript|gene-M2|pseudogene|2/2|n.76A>C||||||
M	766	A	C	85	12_BALF	3860	0.00285	C|synonymous_variant|LOW|gene-M2|gene-M2|transcript|rna-M2|protein_coding|2/2|c.78A>C|p.Ile26Ile|78/294|78/294|26/97||,C|downstream_gene_variant|MODIFIER|gene-M1|gene-M1|transcript|gene-M1|protein_coding||c.*7A>C|||||7|,C|downstream_gene_variant|MODIFIER|id-M2|id-M2|transcript|id-M2|pseudogene||n.*52A>C|||||52|,C|non_coding_transcript_exon_variant|MODIFIER|gene-M2|gene-M2|transcript|gene-M2|pseudogene|2/2|n.78A>C||||||
M	768	C	T	80	12_BALF	3771	0.002917	T|missense_variant|MODERATE|gene-M2|gene-M2|transcript|rna-M2|protein_coding|2/2|c.80C>T|p.Ala27Val|80/294|80/294|27/97||,T|downstream_gene_variant|MODIFIER|gene-M1|gene-M1|transcript|gene-M1|protein_coding||c.*9C>T|||||9|,T|downstream_gene_variant|MODIFIER|id-M2|id-M2|transcript|id-M2|pseudogene||n.*54C>T|||||54|,T|non_coding_transcript_exon_variant|MODIFIER|gene-M2|gene-M2|transcript|gene-M2|pseudogene|2/2|n.80C>T||||||
M	771	C	T	99	12_BALF	3635	0.003026	T|missense_variant|MODERATE|gene-M2|gene-M2|transcript|rna-M2|protein_coding|2/2|c.83C>T|p.Thr28Ile|83/294|83/294|28/97||,T|downstream_gene_variant|MODIFIER|gene-M1|gene-M1|transcript|gene-M1|protein_coding||c.*12C>T|||||12|,T|downstream_gene_variant|MODIFIER|id-M2|id-M2|transcript|id-M2|pseudogene||n.*57C>T|||||57|,T|non_coding_transcript_exon_variant|MODIFIER|gene-M2|gene-M2|transcript|gene-M2|pseudogene|2/2|n.83C>T||||||
M	779	A	G	1033	12_BALF	3612	0.018272	G|missense_variant|MODERATE|gene-M2|gene-M2|transcript|rna-M2|protein_coding|2/2|c.91A>G|p.Asn31Asp|91/294|91/294|31/97||,G|downstream_gene_variant|MODIFIER|gene-M1|gene-M1|transcript|gene-M1|protein_coding||c.*20A>G|||||20|,G|downstream_gene_variant|MODIFIER|id-M2|id-M2|transcript|id-M2|pseudogene||n.*65A>G|||||65|,G|non_coding_transcript_exon_variant|MODIFIER|gene-M2|gene-M2|transcript|gene-M2|pseudogene|2/2|n.91A>G||||||
M	781	C	T	229	12_BALF	3626	0.005792	T|synonymous_variant|LOW|gene-M2|gene-M2|transcript|rna-M2|protein_coding|2/2|c.93C>T|p.Asn31Asn|93/294|93/294|31/97||,T|downstream_gene_variant|MODIFIER|gene-M1|gene-M1|transcript|gene-M1|protein_coding||c.*22C>T|||||22|,T|downstream_gene_variant|MODIFIER|id-M2|id-M2|transcript|id-M2|pseudogene||n.*67C>T|||||67|,T|non_coding_transcript_exon_variant|MODIFIER|gene-M2|gene-M2|transcript|gene-M2|pseudogene|2/2|n.93C>T||||||
M	850	C	T	106	12_BALF	3432	0.004079	T|synonymous_variant|LOW|gene-M2|gene-M2|transcript|rna-M2|protein_coding|2/2|c.162C>T|p.Arg54Arg|162/294|162/294|54/97||,T|downstream_gene_variant|MODIFIER|gene-M1|gene-M1|transcript|gene-M1|protein_coding||c.*91C>T|||||91|,T|downstream_gene_variant|MODIFIER|id-M2|id-M2|transcript|id-M2|pseudogene||n.*136C>T|||||136|,T|non_coding_transcript_exon_variant|MODIFIER|gene-M2|gene-M2|transcript|gene-M2|pseudogene|2/2|n.162C>T||||||
M	869	A	G	134	12_BALF	3558	0.004216	G|missense_variant|MODERATE|gene-M2|gene-M2|transcript|rna-M2|protein_coding|2/2|c.181A>G|p.Arg61Gly|181/294|181/294|61/97||,G|downstream_gene_variant|MODIFIER|gene-M1|gene-M1|transcript|gene-M1|protein_coding||c.*110A>G|||||110|,G|downstream_gene_variant|MODIFIER|id-M2|id-M2|transcript|id-M2|pseudogene||n.*155A>G|||||155|,G|non_coding_transcript_exon_variant|MODIFIER|gene-M2|gene-M2|transcript|gene-M2|pseudogene|2/2|n.181A>G||||||
M	874	G	A	175	12_BALF	3423	0.005551	A|synonymous_variant|LOW|gene-M2|gene-M2|transcript|rna-M2|protein_coding|2/2|c.186G>A|p.Gly62Gly|186/294|186/294|62/97||,A|downstream_gene_variant|MODIFIER|gene-M1|gene-M1|transcript|gene-M1|protein_coding||c.*115G>A|||||115|,A|downstream_gene_variant|MODIFIER|id-M2|id-M2|transcript|id-M2|pseudogene||n.*160G>A|||||160|,A|non_coding_transcript_exon_variant|MODIFIER|gene-M2|gene-M2|transcript|gene-M2|pseudogene|2/2|n.186G>A||||||
M	889	A	G	133	12_BALF	3132	0.00447	G|synonymous_variant|LOW|gene-M2|gene-M2|transcript|rna-M2|protein_coding|2/2|c.201A>G|p.Gly67Gly|201/294|201/294|67/97||,G|downstream_gene_variant|MODIFIER|gene-M1|gene-M1|transcript|gene-M1|protein_coding||c.*130A>G|||||130|,G|downstream_gene_variant|MODIFIER|id-M2|id-M2|transcript|id-M2|pseudogene||n.*175A>G|||||175|,G|non_coding_transcript_exon_variant|MODIFIER|gene-M2|gene-M2|transcript|gene-M2|pseudogene|2/2|n.201A>G||||||
M	933	G	A	168	12_BALF	2157	0.006954	A|missense_variant|MODERATE|gene-M2|gene-M2|transcript|rna-M2|protein_coding|2/2|c.245G>A|p.Ser82Asn|245/294|245/294|82/97||,A|downstream_gene_variant|MODIFIER|gene-M1|gene-M1|transcript|gene-M1|protein_coding||c.*174G>A|||||174|,A|downstream_gene_variant|MODIFIER|id-M2|id-M2|transcript|id-M2|pseudogene||n.*219G>A|||||219|,A|non_coding_transcript_exon_variant|MODIFIER|gene-M2|gene-M2|transcript|gene-M2|pseudogene|2/2|n.245G>A||||||
NP	1371	T	C	249	12_BALF	798	0.018797	C|synonymous_variant|LOW|gene-NP|gene-NP|transcript|gene-NP|protein_coding|1/1|c.1371T>C|p.Ser457Ser|1371/1497|1371/1497|457/498||
NS	143	G	A	476	12_BALF	3913	0.010733	A|missense_variant|MODERATE|gene-NS1|gene-NS1|transcript|gene-NS1|protein_coding|1/1|c.143G>A|p.Ser48Asn|143/693|143/693|48/230||,A|intron_variant|MODIFIER|gene-NS2|gene-NS2|transcript|rna-NS2|protein_coding|1/1|c.30+113G>A||||||,A|intron_variant|MODIFIER|gene-NS2|gene-NS2|transcript|gene-NS2|pseudogene|1/1|n.30+113G>A||||||,A|non_coding_transcript_exon_variant|MODIFIER|id-NS2|id-NS2|transcript|id-NS2|pseudogene|1/1|n.113G>A||||||
NS	144	T	C	558	12_BALF	3961	0.011108	C|synonymous_variant|LOW|gene-NS1|gene-NS1|transcript|gene-NS1|protein_coding|1/1|c.144T>C|p.Ser48Ser|144/693|144/693|48/230||,C|intron_variant|MODIFIER|gene-NS2|gene-NS2|transcript|rna-NS2|protein_coding|1/1|c.30+114T>C||||||,C|intron_variant|MODIFIER|gene-NS2|gene-NS2|transcript|gene-NS2|pseudogene|1/1|n.30+114T>C||||||,C|non_coding_transcript_exon_variant|MODIFIER|id-NS2|id-NS2|transcript|id-NS2|pseudogene|1/1|n.114T>C||||||
NS	174	C	T	1190	12_BALF	3729	0.020113	T|synonymous_variant|LOW|gene-NS1|gene-NS1|transcript|gene-NS1|protein_coding|1/1|c.174C>T|p.Thr58Thr|174/693|174/693|58/230||,T|intron_variant|MODIFIER|gene-NS2|gene-NS2|transcript|rna-NS2|protein_coding|1/1|c.30+144C>T||||||,T|intron_variant|MODIFIER|gene-NS2|gene-NS2|transcript|gene-NS2|pseudogene|1/1|n.30+144C>T||||||,T|non_coding_transcript_exon_variant|MODIFIER|id-NS2|id-NS2|transcript|id-NS2|pseudogene|1/1|n.144C>T||||||
NS	183	A	G	1221	12_BALF	3776	0.021716	G|synonymous_variant|LOW|gene-NS1|gene-NS1|transcript|gene-NS1|protein_coding|1/1|c.183A>G|p.Gly61Gly|183/693|183/693|61/230||,G|intron_variant|MODIFIER|gene-NS2|gene-NS2|transcript|rna-NS2|protein_coding|1/1|c.30+153A>G||||||,G|intron_variant|MODIFIER|gene-NS2|gene-NS2|transcript|gene-NS2|pseudogene|1/1|n.30+153A>G||||||,G|non_coding_transcript_exon_variant|MODIFIER|id-NS2|id-NS2|transcript|id-NS2|pseudogene|1/1|n.153A>G||||||
NS	204	T	C	820	12_BALF	3714	0.015078	C|synonymous_variant|LOW|gene-NS1|gene-NS1|transcript|gene-NS1|protein_coding|1/1|c.204T>C|p.Ile68Ile|204/693|204/693|68/230||,C|intron_variant|MODIFIER|gene-NS2|gene-NS2|transcript|rna-NS2|protein_coding|1/1|c.30+174T>C||||||,C|intron_variant|MODIFIER|gene-NS2|gene-NS2|transcript|gene-NS2|pseudogene|1/1|n.30+174T>C||||||,C|non_coding_transcript_exon_variant|MODIFIER|id-NS2|id-NS2|transcript|id-NS2|pseudogene|1/1|n.174T>C||||||
NS	205	C	A	881	12_BALF	3720	0.015591	A|missense_variant|MODERATE|gene-NS1|gene-NS1|transcript|gene-NS1|protein_coding|1/1|c.205C>A|p.Leu69Met|205/693|205/693|69/230||,A|intron_variant|MODIFIER|gene-NS2|gene-NS2|transcript|rna-NS2|protein_coding|1/1|c.30+175C>A||||||,A|intron_variant|MODIFIER|gene-NS2|gene-NS2|transcript|gene-NS2|pseudogene|1/1|n.30+175C>A||||||,A|non_coding_transcript_exon_variant|MODIFIER|id-NS2|id-NS2|transcript|id-NS2|pseudogene|1/1|n.175C>A||||||
NS	207	G	A	899	12_BALF	3718	0.0156	A|synonymous_variant|LOW|gene-NS1|gene-NS1|transcript|gene-NS1|protein_coding|1/1|c.207G>A|p.Leu69Leu|207/693|207/693|69/230||,A|intron_variant|MODIFIER|gene-NS2|gene-NS2|transcript|rna-NS2|protein_coding|1/1|c.30+177G>A||||||,A|intron_variant|MODIFIER|gene-NS2|gene-NS2|transcript|gene-NS2|pseudogene|1/1|n.30+177G>A||||||,A|non_coding_transcript_exon_variant|MODIFIER|id-NS2|id-NS2|transcript|id-NS2|pseudogene|1/1|n.177G>A||||||
NS	215	A	G	1024	12_BALF	3865	0.017594	G|missense_variant|MODERATE|gene-NS1|gene-NS1|transcript|gene-NS1|protein_coding|1/1|c.215A>G|p.Glu72Gly|215/693|215/693|72/230||,G|intron_variant|MODIFIER|gene-NS2|gene-NS2|transcript|rna-NS2|protein_coding|1/1|c.30+185A>G||||||,G|intron_variant|MODIFIER|gene-NS2|gene-NS2|transcript|gene-NS2|pseudogene|1/1|n.30+185A>G||||||,G|non_coding_transcript_exon_variant|MODIFIER|id-NS2|id-NS2|transcript|id-NS2|pseudogene|1/1|n.185A>G||||||
NS	225	A	G	725	12_BALF	3957	0.013141	G|synonymous_variant|LOW|gene-NS1|gene-NS1|transcript|gene-NS1|protein_coding|1/1|c.225A>G|p.Glu75Glu|225/693|225/693|75/230||,G|intron_variant|MODIFIER|gene-NS2|gene-NS2|transcript|rna-NS2|protein_coding|1/1|c.30+195A>G||||||,G|intron_variant|MODIFIER|gene-NS2|gene-NS2|transcript|gene-NS2|pseudogene|1/1|n.30+195A>G||||||,G|non_coding_transcript_exon_variant|MODIFIER|id-NS2|id-NS2|transcript|id-NS2|pseudogene|1/1|n.195A>G||||||
NS	229	C	T	576	12_BALF	4053	0.010609	T|missense_variant|MODERATE|gene-NS1|gene-NS1|transcript|gene-NS1|protein_coding|1/1|c.229C>T|p.Leu77Phe|229/693|229/693|77/230||,T|intron_variant|MODIFIER|gene-NS2|gene-NS2|transcript|rna-NS2|protein_coding|1/1|c.30+199C>T||||||,T|intron_variant|MODIFIER|gene-NS2|gene-NS2|transcript|gene-NS2|pseudogene|1/1|n.30+199C>T||||||,T|non_coding_transcript_exon_variant|MODIFIER|id-NS2|id-NS2|transcript|id-NS2|pseudogene|1/1|n.199C>T||||||
NS	235	A	C	842	12_BALF	4164	0.014169	C|missense_variant|MODERATE|gene-NS1|gene-NS1|transcript|gene-NS1|protein_coding|1/1|c.235A>C|p.Ile79Leu|235/693|235/693|79/230||,C|intron_variant|MODIFIER|gene-NS2|gene-NS2|transcript|rna-NS2|protein_coding|1/1|c.30+205A>C||||||,C|intron_variant|MODIFIER|gene-NS2|gene-NS2|transcript|gene-NS2|pseudogene|1/1|n.30+205A>C||||||,C|non_coding_transcript_exon_variant|MODIFIER|id-NS2|id-NS2|transcript|id-NS2|pseudogene|1/1|n.205A>C||||||
NS	256	G	A	824	12_BALF	4458	0.013235	A|missense_variant|MODERATE|gene-NS1|gene-NS1|transcript|gene-NS1|protein_coding|1/1|c.256G>A|p.Ala86Thr|256/693|256/693|86/230||,A|intron_variant|MODIFIER|gene-NS2|gene-NS2|transcript|rna-NS2|protein_coding|1/1|c.30+226G>A||||||,A|intron_variant|MODIFIER|gene-NS2|gene-NS2|transcript|gene-NS2|pseudogene|1/1|n.30+226G>A||||||,A|non_coding_transcript_exon_variant|MODIFIER|id-NS2|id-NS2|transcript|id-NS2|pseudogene|1/1|n.226G>A||||||
NS	259	C	T	766	12_BALF	4508	0.013531	T|missense_variant|MODERATE|gene-NS1|gene-NS1|transcript|gene-NS1|protein_coding|1/1|c.259C>T|p.Pro87Ser|259/693|259/693|87/230||,T|intron_variant|MODIFIER|gene-NS2|gene-NS2|transcript|rna-NS2|protein_coding|1/1|c.30+229C>T||||||,T|intron_variant|MODIFIER|gene-NS2|gene-NS2|transcript|gene-NS2|pseudogene|1/1|n.30+229C>T||||||,T|non_coding_transcript_exon_variant|MODIFIER|id-NS2|id-NS2|transcript|id-NS2|pseudogene|1/1|n.229C>T||||||
NS	291	G	A	667	12_BALF	4533	0.01103	A|synonymous_variant|LOW|gene-NS1|gene-NS1|transcript|gene-NS1|protein_coding|1/1|c.291G>A|p.Glu97Glu|291/693|291/693|97/230||,A|intron_variant|MODIFIER|gene-NS2|gene-NS2|transcript|rna-NS2|protein_coding|1/1|c.31-212G>A||||||,A|intron_variant|MODIFIER|gene-NS2|gene-NS2|transcript|gene-NS2|pseudogene|1/1|n.31-212G>A||||||,A|non_coding_transcript_exon_variant|MODIFIER|id-NS2|id-NS2|transcript|id-NS2|pseudogene|1/1|n.261G>A||||||
NS	300	G	A	774	12_BALF	4705	0.01254	A|synonymous_variant|LOW|gene-NS1|gene-NS1|transcript|gene-NS1|protein_coding|1/1|c.300G>A|p.Arg100Arg|300/693|300/693|100/230||,A|intron_variant|MODIFIER|gene-NS2|gene-NS2|transcript|rna-NS2|protein_coding|1/1|c.31-203G>A||||||,A|intron_variant|MODIFIER|gene-NS2|gene-NS2|transcript|gene-NS2|pseudogene|1/1|n.31-203G>A||||||,A|non_coding_transcript_exon_variant|MODIFIER|id-NS2|id-NS2|transcript|id-NS2|pseudogene|1/1|n.270G>A||||||
NS	301	G	A	115	12_BALF	4706	0.003612	A|missense_variant|MODERATE|gene-NS1|gene-NS1|transcript|gene-NS1|protein_coding|1/1|c.301G>A|p.Asp101Asn|301/693|301/693|101/230||,A|intron_variant|MODIFIER|gene-NS2|gene-NS2|transcript|rna-NS2|protein_coding|1/1|c.31-202G>A||||||,A|intron_variant|MODIFIER|gene-NS2|gene-NS2|transcript|gene-NS2|pseudogene|1/1|n.31-202G>A||||||,A|non_coding_transcript_exon_variant|MODIFIER|id-NS2|id-NS2|transcript|id-NS2|pseudogene|1/1|n.271G>A||||||
NS	309	C	A	905	12_BALF	4726	0.013119	A|missense_variant|MODERATE|gene-NS1|gene-NS1|transcript|gene-NS1|protein_coding|1/1|c.309C>A|p.Phe103Leu|309/693|309/693|103/230||,A|intron_variant|MODIFIER|gene-NS2|gene-NS2|transcript|rna-NS2|protein_coding|1/1|c.31-194C>A||||||,A|intron_variant|MODIFIER|gene-NS2|gene-NS2|transcript|gene-NS2|pseudogene|1/1|n.31-194C>A||||||,A|non_coding_transcript_exon_variant|MODIFIER|id-NS2|id-NS2|transcript|id-NS2|pseudogene|1/1|n.279C>A||||||
NS	314	T	C	74	12_BALF	4687	0.002347	C|missense_variant|MODERATE|gene-NS1|gene-NS1|transcript|gene-NS1|protein_coding|1/1|c.314T>C|p.Leu105Pro|314/693|314/693|105/230||,C|intron_variant|MODIFIER|gene-NS2|gene-NS2|transcript|rna-NS2|protein_coding|1/1|c.31-189T>C||||||,C|intron_variant|MODIFIER|gene-NS2|gene-NS2|transcript|gene-NS2|pseudogene|1/1|n.31-189T>C||||||,C|non_coding_transcript_exon_variant|MODIFIER|id-NS2|id-NS2|transcript|id-NS2|pseudogene|1/1|n.284T>C||||||
NS	327	A	G	650	12_BALF	4478	0.012282	G|synonymous_variant|LOW|gene-NS1|gene-NS1|transcript|gene-NS1|protein_coding|1/1|c.327A>G|p.Gln109Gln|327/693|327/693|109/230||,G|intron_variant|MODIFIER|gene-NS2|gene-NS2|transcript|rna-NS2|protein_coding|1/1|c.31-176A>G||||||,G|intron_variant|MODIFIER|gene-NS2|gene-NS2|transcript|gene-NS2|pseudogene|1/1|n.31-176A>G||||||,G|non_coding_transcript_exon_variant|MODIFIER|id-NS2|id-NS2|transcript|id-NS2|pseudogene|1/1|n.297A>G||||||
NS	330	A	G	759	12_BALF	4449	0.013486	G|synonymous_variant|LOW|gene-NS1|gene-NS1|transcript|gene-NS1|protein_coding|1/1|c.330A>G|p.Lys110Lys|330/693|330/693|110/230||,G|intron_variant|MODIFIER|gene-NS2|gene-NS2|transcript|rna-NS2|protein_coding|1/1|c.31-173A>G||||||,G|intron_variant|MODIFIER|gene-NS2|gene-NS2|transcript|gene-NS2|pseudogene|1/1|n.31-173A>G||||||,G|non_coding_transcript_exon_variant|MODIFIER|id-NS2|id-NS2|transcript|id-NS2|pseudogene|1/1|n.300A>G||||||
NS	340	C	T	276	12_BALF	4382	0.01529	T|missense_variant|MODERATE|gene-NS1|gene-NS1|transcript|gene-NS1|protein_coding|1/1|c.340C>T|p.Pro114Ser|340/693|340/693|114/230||,T|intron_variant|MODIFIER|gene-NS2|gene-NS2|transcript|rna-NS2|protein_coding|1/1|c.31-163C>T||||||,T|intron_variant|MODIFIER|gene-NS2|gene-NS2|transcript|gene-NS2|pseudogene|1/1|n.31-163C>T||||||,T|non_coding_transcript_exon_variant|MODIFIER|id-NS2|id-NS2|transcript|id-NS2|pseudogene|1/1|n.310C>T||||||
NS	343	T	C	444	12_BALF	4355	0.022044	C|missense_variant|MODERATE|gene-NS1|gene-NS1|transcript|gene-NS1|protein_coding|1/1|c.343T>C|p.Phe115Leu|343/693|343/693|115/230||,C|intron_variant|MODIFIER|gene-NS2|gene-NS2|transcript|rna-NS2|protein_coding|1/1|c.31-160T>C||||||,C|intron_variant|MODIFIER|gene-NS2|gene-NS2|transcript|gene-NS2|pseudogene|1/1|n.31-160T>C||||||,C|non_coding_transcript_exon_variant|MODIFIER|id-NS2|id-NS2|transcript|id-NS2|pseudogene|1/1|n.313T>C||||||
NS	363	G	A	433	12_BALF	3444	0.016551	A|missense_variant|MODERATE|gene-NS1|gene-NS1|transcript|gene-NS1|protein_coding|1/1|c.363G>A|p.His121Gln|363/693|363/693|121/230||WARNING_REF_DOES_NOT_MATCH_GENOME,A|intron_variant|MODIFIER|gene-NS2|gene-NS2|transcript|rna-NS2|protein_coding|1/1|c.31-140G>A||||||,A|intron_variant|MODIFIER|gene-NS2|gene-NS2|transcript|gene-NS2|pseudogene|1/1|n.31-140G>A||||||,A|non_coding_transcript_exon_variant|MODIFIER|id-NS2|id-NS2|transcript|id-NS2|pseudogene|1/1|n.333G>A||||||WARNING_REF_DOES_NOT_MATCH_GENOME
NS	380	C	A	600	12_BALF	3447	0.015956	A|missense_variant|MODERATE|gene-NS1|gene-NS1|transcript|gene-NS1|protein_coding|1/1|c.380C>A|p.Thr127Asn|380/693|380/693|127/230||,A|intron_variant|MODIFIER|gene-NS2|gene-NS2|transcript|rna-NS2|protein_coding|1/1|c.31-123C>A||||||,A|intron_variant|MODIFIER|gene-NS2|gene-NS2|transcript|gene-NS2|pseudogene|1/1|n.31-123C>A||||||,A|non_coding_transcript_exon_variant|MODIFIER|id-NS2|id-NS2|transcript|id-NS2|pseudogene|1/1|n.350C>A||||||
NS	381	C	A	760	12_BALF	3372	0.016014	A|synonymous_variant|LOW|gene-NS1|gene-NS1|transcript|gene-NS1|protein_coding|1/1|c.381C>A|p.Thr127Thr|381/693|381/693|127/230||,A|intron_variant|MODIFIER|gene-NS2|gene-NS2|transcript|rna-NS2|protein_coding|1/1|c.31-122C>A||||||,A|intron_variant|MODIFIER|gene-NS2|gene-NS2|transcript|gene-NS2|pseudogene|1/1|n.31-122C>A||||||,A|non_coding_transcript_exon_variant|MODIFIER|id-NS2|id-NS2|transcript|id-NS2|pseudogene|1/1|n.351C>A||||||
NS	396	A	G	745	12_BALF	3402	0.014991	G|synonymous_variant|LOW|gene-NS1|gene-NS1|transcript|gene-NS1|protein_coding|1/1|c.396A>G|p.Ala132Ala|396/693|396/693|132/230||,G|intron_variant|MODIFIER|gene-NS2|gene-NS2|transcript|rna-NS2|protein_coding|1/1|c.31-107A>G||||||,G|intron_variant|MODIFIER|gene-NS2|gene-NS2|transcript|gene-NS2|pseudogene|1/1|n.31-107A>G||||||,G|non_coding_transcript_exon_variant|MODIFIER|id-NS2|id-NS2|transcript|id-NS2|pseudogene|1/1|n.366A>G||||||
NS	409	A	G	746	12_BALF	3662	0.015565	G|missense_variant|MODERATE|gene-NS1|gene-NS1|transcript|gene-NS1|protein_coding|1/1|c.409A>G|p.Ile137Val|409/693|409/693|137/230||,G|intron_variant|MODIFIER|gene-NS2|gene-NS2|transcript|rna-NS2|protein_coding|1/1|c.31-94A>G||||||,G|intron_variant|MODIFIER|gene-NS2|gene-NS2|transcript|gene-NS2|pseudogene|1/1|n.31-94A>G||||||,G|non_coding_transcript_exon_variant|MODIFIER|id-NS2|id-NS2|transcript|id-NS2|pseudogene|1/1|n.379A>G||||||
NS	416	A	G	646	12_BALF	3691	0.014359	G|missense_variant|MODERATE|gene-NS1|gene-NS1|transcript|gene-NS1|protein_coding|1/1|c.416A>G|p.Asp139Gly|416/693|416/693|139/230||,G|intron_variant|MODIFIER|gene-NS2|gene-NS2|transcript|rna-NS2|protein_coding|1/1|c.31-87A>G||||||,G|intron_variant|MODIFIER|gene-NS2|gene-NS2|transcript|gene-NS2|pseudogene|1/1|n.31-87A>G||||||,G|non_coding_transcript_exon_variant|MODIFIER|id-NS2|id-NS2|transcript|id-NS2|pseudogene|1/1|n.386A>G||||||
NS	417	C	T	723	12_BALF	3704	0.014579	T|synonymous_variant|LOW|gene-NS1|gene-NS1|transcript|gene-NS1|protein_coding|1/1|c.417C>T|p.Asp139Asp|417/693|417/693|139/230||,T|intron_variant|MODIFIER|gene-NS2|gene-NS2|transcript|rna-NS2|protein_coding|1/1|c.31-86C>T||||||,T|intron_variant|MODIFIER|gene-NS2|gene-NS2|transcript|gene-NS2|pseudogene|1/1|n.31-86C>T||||||,T|non_coding_transcript_exon_variant|MODIFIER|id-NS2|id-NS2|transcript|id-NS2|pseudogene|1/1|n.387C>T||||||
NS	429	T	C	1019	12_BALF	4077	0.01766	C|synonymous_variant|LOW|gene-NS1|gene-NS1|transcript|gene-NS1|protein_coding|1/1|c.429T>C|p.Thr143Thr|429/693|429/693|143/230||,C|intron_variant|MODIFIER|gene-NS2|gene-NS2|transcript|rna-NS2|protein_coding|1/1|c.31-74T>C||||||,C|intron_variant|MODIFIER|gene-NS2|gene-NS2|transcript|gene-NS2|pseudogene|1/1|n.31-74T>C||||||,C|non_coding_transcript_exon_variant|MODIFIER|id-NS2|id-NS2|transcript|id-NS2|pseudogene|1/1|n.399T>C||||||
NS	453	A	G	1284	12_BALF	4410	0.018821	G|synonymous_variant|LOW|gene-NS1|gene-NS1|transcript|gene-NS1|protein_coding|1/1|c.453A>G|p.Thr151Thr|453/693|453/693|151/230||,G|intron_variant|MODIFIER|gene-NS2|gene-NS2|transcript|rna-NS2|protein_coding|1/1|c.31-50A>G||||||,G|intron_variant|MODIFIER|gene-NS2|gene-NS2|transcript|gene-NS2|pseudogene|1/1|n.31-50A>G||||||,G|non_coding_transcript_exon_variant|MODIFIER|id-NS2|id-NS2|transcript|id-NS2|pseudogene|1/1|n.423A>G||||||
NS	486	A	G	1091	12_BALF	4808	0.014975	G|synonymous_variant|LOW|gene-NS1|gene-NS1|transcript|gene-NS1|protein_coding|1/1|c.486A>G|p.Pro162Pro|486/693|486/693|162/230||,G|intron_variant|MODIFIER|gene-NS2|gene-NS2|transcript|rna-NS2|protein_coding|1/1|c.31-17A>G||||||,G|intron_variant|MODIFIER|gene-NS2|gene-NS2|transcript|gene-NS2|pseudogene|1/1|n.31-17A>G||||||,G|non_coding_transcript_exon_variant|MODIFIER|id-NS2|id-NS2|transcript|id-NS2|pseudogene|1/1|n.456A>G||||||
NS	511	G	A	1624	12_BALF	4876	0.020509	A|missense_variant|MODERATE|gene-NS1|gene-NS1|transcript|gene-NS1|protein_coding|1/1|c.511G>A|p.Asp171Asn|511/693|511/693|171/230||,A|synonymous_variant|LOW|gene-NS2|gene-NS2|transcript|rna-NS2|protein_coding|2/2|c.39G>A|p.Leu13Leu|39/366|39/366|13/121||,A|downstream_gene_variant|MODIFIER|id-NS2|id-NS2|transcript|id-NS2|pseudogene||n.*9G>A|||||9|,A|non_coding_transcript_exon_variant|MODIFIER|gene-NS2|gene-NS2|transcript|gene-NS2|pseudogene|2/2|n.39G>A||||||
NS	515	A	G	67	12_BALF	4609	0.00217	G|missense_variant|MODERATE|gene-NS1|gene-NS1|transcript|gene-NS1|protein_coding|1/1|c.515A>G|p.Glu172Gly|515/693|515/693|172/230||,G|missense_variant|MODERATE|gene-NS2|gene-NS2|transcript|rna-NS2|protein_coding|2/2|c.43A>G|p.Arg15Gly|43/366|43/366|15/121||,G|downstream_gene_variant|MODIFIER|id-NS2|id-NS2|transcript|id-NS2|pseudogene||n.*13A>G|||||13|,G|non_coding_transcript_exon_variant|MODIFIER|gene-NS2|gene-NS2|transcript|gene-NS2|pseudogene|2/2|n.43A>G||||||
NS	521	T	C	77	12_BALF	4414	0.002719	C|missense_variant|MODERATE|gene-NS1|gene-NS1|transcript|gene-NS1|protein_coding|1/1|c.521T>C|p.Val174Ala|521/693|521/693|174/230||,C|missense_variant|MODERATE|gene-NS2|gene-NS2|transcript|rna-NS2|protein_coding|2/2|c.49T>C|p.Ser17Pro|49/366|49/366|17/121||,C|downstream_gene_variant|MODIFIER|id-NS2|id-NS2|transcript|id-NS2|pseudogene||n.*19T>C|||||19|,C|non_coding_transcript_exon_variant|MODIFIER|gene-NS2|gene-NS2|transcript|gene-NS2|pseudogene|2/2|n.49T>C||||||
NS	532	A	G	112	12_BALF	4336	0.002998	G|missense_variant|MODERATE|gene-NS1|gene-NS1|transcript|gene-NS1|protein_coding|1/1|c.532A>G|p.Ile178Val|532/693|532/693|178/230||,G|synonymous_variant|LOW|gene-NS2|gene-NS2|transcript|rna-NS2|protein_coding|2/2|c.60A>G|p.Gln20Gln|60/366|60/366|20/121||,G|downstream_gene_variant|MODIFIER|id-NS2|id-NS2|transcript|id-NS2|pseudogene||n.*30A>G|||||30|,G|non_coding_transcript_exon_variant|MODIFIER|gene-NS2|gene-NS2|transcript|gene-NS2|pseudogene|2/2|n.60A>G||||||
NS	542	T	C	122	12_BALF	4275	0.003509	C|missense_variant|MODERATE|gene-NS1|gene-NS1|transcript|gene-NS1|protein_coding|1/1|c.542T>C|p.Leu181Pro|542/693|542/693|181/230||,C|missense_variant|MODERATE|gene-NS2|gene-NS2|transcript|rna-NS2|protein_coding|2/2|c.70T>C|p.Ser24Pro|70/366|70/366|24/121||,C|downstream_gene_variant|MODIFIER|id-NS2|id-NS2|transcript|id-NS2|pseudogene||n.*40T>C|||||40|,C|non_coding_transcript_exon_variant|MODIFIER|gene-NS2|gene-NS2|transcript|gene-NS2|pseudogene|2/2|n.70T>C||||||
NS	552	G	A	1504	12_BALF	4235	0.022904	A|missense_variant|MODERATE|gene-NS2|gene-NS2|transcript|rna-NS2|protein_coding|2/2|c.80G>A|p.Gly27Asp|80/366|80/366|27/121||,A|synonymous_variant|LOW|gene-NS1|gene-NS1|transcript|gene-NS1|protein_coding|1/1|c.552G>A|p.Gly184Gly|552/693|552/693|184/230||,A|downstream_gene_variant|MODIFIER|id-NS2|id-NS2|transcript|id-NS2|pseudogene||n.*50G>A|||||50|,A|non_coding_transcript_exon_variant|MODIFIER|gene-NS2|gene-NS2|transcript|gene-NS2|pseudogene|2/2|n.80G>A||||||
NS	570	T	C	1131	12_BALF	4332	0.017082	C|missense_variant|MODERATE|gene-NS2|gene-NS2|transcript|rna-NS2|protein_coding|2/2|c.98T>C|p.Met33Thr|98/366|98/366|33/121||,C|synonymous_variant|LOW|gene-NS1|gene-NS1|transcript|gene-NS1|protein_coding|1/1|c.570T>C|p.Asn190Asn|570/693|570/693|190/230||,C|downstream_gene_variant|MODIFIER|id-NS2|id-NS2|transcript|id-NS2|pseudogene||n.*68T>C|||||68|,C|non_coding_transcript_exon_variant|MODIFIER|gene-NS2|gene-NS2|transcript|gene-NS2|pseudogene|2/2|n.98T>C||||||
NS	571	G	A	1064	12_BALF	4293	0.016073	A|missense_variant|MODERATE|gene-NS1|gene-NS1|transcript|gene-NS1|protein_coding|1/1|c.571G>A|p.Ala191Thr|571/693|571/693|191/230||,A|missense_variant|MODERATE|gene-NS2|gene-NS2|transcript|rna-NS2|protein_coding|2/2|c.99G>A|p.Met33Ile|99/366|99/366|33/121||,A|downstream_gene_variant|MODIFIER|id-NS2|id-NS2|transcript|id-NS2|pseudogene||n.*69G>A|||||69|,A|non_coding_transcript_exon_variant|MODIFIER|gene-NS2|gene-NS2|transcript|gene-NS2|pseudogene|2/2|n.99G>A||||||
NS	574	G	A	113	12_BALF	4201	0.003095	A|missense_variant|MODERATE|gene-NS1|gene-NS1|transcript|gene-NS1|protein_coding|1/1|c.574G>A|p.Val192Ile|574/693|574/693|192/230||,A|synonymous_variant|LOW|gene-NS2|gene-NS2|transcript|rna-NS2|protein_coding|2/2|c.102G>A|p.Gln34Gln|102/366|102/366|34/121||,A|downstream_gene_variant|MODIFIER|id-NS2|id-NS2|transcript|id-NS2|pseudogene||n.*72G>A|||||72|,A|non_coding_transcript_exon_variant|MODIFIER|gene-NS2|gene-NS2|transcript|gene-NS2|pseudogene|2/2|n.102G>A||||||
NS	604	G	A	1399	12_BALF	4072	0.021611	A|missense_variant|MODERATE|gene-NS1|gene-NS1|transcript|gene-NS1|protein_coding|1/1|c.604G>A|p.Ala202Thr|604/693|604/693|202/230||,A|synonymous_variant|LOW|gene-NS2|gene-NS2|transcript|rna-NS2|protein_coding|2/2|c.132G>A|p.Ser44Ser|132/366|132/366|44/121||,A|downstream_gene_variant|MODIFIER|id-NS2|id-NS2|transcript|id-NS2|pseudogene||n.*102G>A|||||102|,A|non_coding_transcript_exon_variant|MODIFIER|gene-NS2|gene-NS2|transcript|gene-NS2|pseudogene|2/2|n.132G>A||||||
NS	642	C	A	825	12_BALF	4164	0.01513	A|missense_variant|MODERATE|gene-NS1|gene-NS1|transcript|gene-NS1|protein_coding|1/1|c.642C>A|p.Phe214Leu|642/693|642/693|214/230||,A|missense_variant|MODERATE|gene-NS2|gene-NS2|transcript|rna-NS2|protein_coding|2/2|c.170C>A|p.Ser57Tyr|170/366|170/366|57/121||,A|downstream_gene_variant|MODIFIER|id-NS2|id-NS2|transcript|id-NS2|pseudogene||n.*140C>A|||||140|,A|non_coding_transcript_exon_variant|MODIFIER|gene-NS2|gene-NS2|transcript|gene-NS2|pseudogene|2/2|n.170C>A||||||
NS	643	C	T	827	12_BALF	4024	0.015656	T|missense_variant|MODERATE|gene-NS1|gene-NS1|transcript|gene-NS1|protein_coding|1/1|c.643C>T|p.Pro215Ser|643/693|643/693|215/230||,T|synonymous_variant|LOW|gene-NS2|gene-NS2|transcript|rna-NS2|protein_coding|2/2|c.171C>T|p.Ser57Ser|171/366|171/366|57/121||,T|downstream_gene_variant|MODIFIER|id-NS2|id-NS2|transcript|id-NS2|pseudogene||n.*141C>T|||||141|,T|non_coding_transcript_exon_variant|MODIFIER|gene-NS2|gene-NS2|transcript|gene-NS2|pseudogene|2/2|n.171C>T||||||
NS	650	A	G	695	12_BALF	4013	0.01246	G|missense_variant|MODERATE|gene-NS1|gene-NS1|transcript|gene-NS1|protein_coding|1/1|c.650A>G|p.Lys217Arg|650/693|650/693|217/230||,G|missense_variant|MODERATE|gene-NS2|gene-NS2|transcript|rna-NS2|protein_coding|2/2|c.178A>G|p.Asn60Asp|178/366|178/366|60/121||,G|downstream_gene_variant|MODIFIER|id-NS2|id-NS2|transcript|id-NS2|pseudogene||n.*148A>G|||||148|,G|non_coding_transcript_exon_variant|MODIFIER|gene-NS2|gene-NS2|transcript|gene-NS2|pseudogene|2/2|n.178A>G||||||
NS	652	C	T	714	12_BALF	3932	0.012716	T|stop_gained|HIGH|gene-NS1|gene-NS1|transcript|gene-NS1|protein_coding|1/1|c.652C>T|p.Gln218*|652/693|652/693|218/230||,T|synonymous_variant|LOW|gene-NS2|gene-NS2|transcript|rna-NS2|protein_coding|2/2|c.180C>T|p.Asn60Asn|180/366|180/366|60/121||,T|downstream_gene_variant|MODIFIER|id-NS2|id-NS2|transcript|id-NS2|pseudogene||n.*150C>T|||||150|,T|non_coding_transcript_exon_variant|MODIFIER|gene-NS2|gene-NS2|transcript|gene-NS2|pseudogene|2/2|n.180C>T||||||
NS	661	A	G	111	12_BALF	3792	0.003428	G|missense_variant|MODERATE|gene-NS1|gene-NS1|transcript|gene-NS1|protein_coding|1/1|c.661A>G|p.Lys221Glu|661/693|661/693|221/230||,G|synonymous_variant|LOW|gene-NS2|gene-NS2|transcript|rna-NS2|protein_coding|2/2|c.189A>G|p.Gly63Gly|189/366|189/366|63/121||,G|downstream_gene_variant|MODIFIER|id-NS2|id-NS2|transcript|id-NS2|pseudogene||n.*159A>G|||||159|,G|non_coding_transcript_exon_variant|MODIFIER|gene-NS2|gene-NS2|transcript|gene-NS2|pseudogene|2/2|n.189A>G||||||
NS	685	A	G	1394	12_BALF	3758	0.022352	G|missense_variant|MODERATE|gene-NS1|gene-NS1|transcript|gene-NS1|protein_coding|1/1|c.685A>G|p.Lys229Glu|685/693|685/693|229/230||,G|synonymous_variant|LOW|gene-NS2|gene-NS2|transcript|rna-NS2|protein_coding|2/2|c.213A>G|p.Gln71Gln|213/366|213/366|71/121||,G|downstream_gene_variant|MODIFIER|id-NS2|id-NS2|transcript|id-NS2|pseudogene||n.*183A>G|||||183|,G|non_coding_transcript_exon_variant|MODIFIER|gene-NS2|gene-NS2|transcript|gene-NS2|pseudogene|2/2|n.213A>G||||||
NS	719	G	A	900	12_BALF	3467	0.017594	A|missense_variant|MODERATE|gene-NS2|gene-NS2|transcript|rna-NS2|protein_coding|2/2|c.247G>A|p.Val83Met|247/366|247/366|83/121||,A|downstream_gene_variant|MODIFIER|gene-NS1|gene-NS1|transcript|gene-NS1|protein_coding||c.*26G>A|||||26|,A|downstream_gene_variant|MODIFIER|id-NS2|id-NS2|transcript|id-NS2|pseudogene||n.*217G>A|||||217|,A|non_coding_transcript_exon_variant|MODIFIER|gene-NS2|gene-NS2|transcript|gene-NS2|pseudogene|2/2|n.247G>A||||||
NS	733	A	G	791	12_BALF	3397	0.017663	G|synonymous_variant|LOW|gene-NS2|gene-NS2|transcript|rna-NS2|protein_coding|2/2|c.261A>G|p.Leu87Leu|261/366|261/366|87/121||,G|downstream_gene_variant|MODIFIER|gene-NS1|gene-NS1|transcript|gene-NS1|protein_coding||c.*40A>G|||||40|,G|downstream_gene_variant|MODIFIER|id-NS2|id-NS2|transcript|id-NS2|pseudogene||n.*231A>G|||||231|,G|non_coding_transcript_exon_variant|MODIFIER|gene-NS2|gene-NS2|transcript|gene-NS2|pseudogene|2/2|n.261A>G||||||
NS	737	A	T	623	12_BALF	3375	0.013333	T|missense_variant|MODERATE|gene-NS2|gene-NS2|transcript|rna-NS2|protein_coding|2/2|c.265A>T|p.Ile89Leu|265/366|265/366|89/121||,T|downstream_gene_variant|MODIFIER|gene-NS1|gene-NS1|transcript|gene-NS1|protein_coding||c.*44A>T|||||44|,T|downstream_gene_variant|MODIFIER|id-NS2|id-NS2|transcript|id-NS2|pseudogene||n.*235A>T|||||235|,T|non_coding_transcript_exon_variant|MODIFIER|gene-NS2|gene-NS2|transcript|gene-NS2|pseudogene|2/2|n.265A>T||||||
NS	757	A	G	620	12_BALF	2858	0.015045	G|synonymous_variant|LOW|gene-NS2|gene-NS2|transcript|rna-NS2|protein_coding|2/2|c.285A>G|p.Glu95Glu|285/366|285/366|95/121||,G|downstream_gene_variant|MODIFIER|gene-NS1|gene-NS1|transcript|gene-NS1|protein_coding||c.*64A>G|||||64|,G|downstream_gene_variant|MODIFIER|id-NS2|id-NS2|transcript|id-NS2|pseudogene||n.*255A>G|||||255|,G|non_coding_transcript_exon_variant|MODIFIER|gene-NS2|gene-NS2|transcript|gene-NS2|pseudogene|2/2|n.285A>G||||||
NS	769	T	C	564	12_BALF	2551	0.014896	C|synonymous_variant|LOW|gene-NS2|gene-NS2|transcript|rna-NS2|protein_coding|2/2|c.297T>C|p.Phe99Phe|297/366|297/366|99/121||,C|downstream_gene_variant|MODIFIER|gene-NS1|gene-NS1|transcript|gene-NS1|protein_coding||c.*76T>C|||||76|,C|downstream_gene_variant|MODIFIER|id-NS2|id-NS2|transcript|id-NS2|pseudogene||n.*267T>C|||||267|,C|non_coding_transcript_exon_variant|MODIFIER|gene-NS2|gene-NS2|transcript|gene-NS2|pseudogene|2/2|n.297T>C||||||
NS	817	T	A	188	12_BALF	1368	0.010965	A|synonymous_variant|LOW|gene-NS2|gene-NS2|transcript|rna-NS2|protein_coding|2/2|c.345T>A|p.Thr115Thr|345/366|345/366|115/121||,A|downstream_gene_variant|MODIFIER|gene-NS1|gene-NS1|transcript|gene-NS1|protein_coding||c.*124T>A|||||124|,A|downstream_gene_variant|MODIFIER|id-NS2|id-NS2|transcript|id-NS2|pseudogene||n.*315T>A|||||315|,A|non_coding_transcript_exon_variant|MODIFIER|gene-NS2|gene-NS2|transcript|gene-NS2|pseudogene|2/2|n.345T>A||||||
PA	168	A	G	938	12_BALF	497	0.082495	G|synonymous_variant|LOW|gene-PA-X|gene-PA-X|transcript|rna-PA-X|protein_coding|1/2|c.168A>G|p.Glu56Glu|168/759|168/759|56/252||,G|synonymous_variant|LOW|gene-PA|gene-PA|transcript|gene-PA|protein_coding|1/1|c.168A>G|p.Glu56Glu|168/2151|168/2151|56/716||,G|non_coding_transcript_exon_variant|MODIFIER|gene-PA-X|gene-PA-X|transcript|gene-PA-X|pseudogene|1/2|n.168A>G||||||
PA	196	G	A	714	12_BALF	501	0.065868	A|missense_variant|MODERATE|gene-PA-X|gene-PA-X|transcript|rna-PA-X|protein_coding|1/2|c.196G>A|p.Gly66Ser|196/759|196/759|66/252||,A|missense_variant|MODERATE|gene-PA|gene-PA|transcript|gene-PA|protein_coding|1/1|c.196G>A|p.Gly66Ser|196/2151|196/2151|66/716||,A|non_coding_transcript_exon_variant|MODIFIER|gene-PA-X|gene-PA-X|transcript|gene-PA-X|pseudogene|1/2|n.196G>A||||||
PA	1478	A	C	162	12_BALF	577	0.019064	C|missense_variant|MODERATE|gene-PA|gene-PA|transcript|gene-PA|protein_coding|1/1|c.1478A>C|p.Glu493Ala|1478/2151|1478/2151|493/716||,C|downstream_gene_variant|MODIFIER|gene-PA-X|gene-PA-X|transcript|rna-PA-X|protein_coding||c.*718A>C|||||718|,C|downstream_gene_variant|MODIFIER|gene-PA-X|gene-PA-X|transcript|gene-PA-X|pseudogene||n.*718A>C|||||718|
PA	1878	A	G	200	12_BALF	651	0.023041	G|synonymous_variant|LOW|gene-PA|gene-PA|transcript|gene-PA|protein_coding|1/1|c.1878A>G|p.Lys626Lys|1878/2151|1878/2151|626/716||,G|downstream_gene_variant|MODIFIER|gene-PA-X|gene-PA-X|transcript|rna-PA-X|protein_coding||c.*1118A>G|||||1118|,G|downstream_gene_variant|MODIFIER|gene-PA-X|gene-PA-X|transcript|gene-PA-X|pseudogene||n.*1118A>G|||||1118|
PA	1893	C	A	345	12_BALF	644	0.031056	A|synonymous_variant|LOW|gene-PA|gene-PA|transcript|gene-PA|protein_coding|1/1|c.1893C>A|p.Gly631Gly|1893/2151|1893/2151|631/716||,A|downstream_gene_variant|MODIFIER|gene-PA-X|gene-PA-X|transcript|rna-PA-X|protein_coding||c.*1133C>A|||||1133|,A|downstream_gene_variant|MODIFIER|gene-PA-X|gene-PA-X|transcript|gene-PA-X|pseudogene||n.*1133C>A|||||1133|
PA	1971	G	A	2445	12_BALF	998	0.107214	A|synonymous_variant|LOW|gene-PA|gene-PA|transcript|gene-PA|protein_coding|1/1|c.1971G>A|p.Gly657Gly|1971/2151|1971/2151|657/716||,A|downstream_gene_variant|MODIFIER|gene-PA-X|gene-PA-X|transcript|rna-PA-X|protein_coding||c.*1211G>A|||||1211|,A|downstream_gene_variant|MODIFIER|gene-PA-X|gene-PA-X|transcript|gene-PA-X|pseudogene||n.*1211G>A|||||1211|
PA	1995	G	A	2814	12_BALF	1033	0.111326	A|synonymous_variant|LOW|gene-PA|gene-PA|transcript|gene-PA|protein_coding|1/1|c.1995G>A|p.Leu665Leu|1995/2151|1995/2151|665/716||,A|downstream_gene_variant|MODIFIER|gene-PA-X|gene-PA-X|transcript|rna-PA-X|protein_coding||c.*1235G>A|||||1235|,A|downstream_gene_variant|MODIFIER|gene-PA-X|gene-PA-X|transcript|gene-PA-X|pseudogene||n.*1235G>A|||||1235|
PA	2025	C	T	3076	12_BALF	1128	0.121454	T|synonymous_variant|LOW|gene-PA|gene-PA|transcript|gene-PA|protein_coding|1/1|c.2025C>T|p.Asn675Asn|2025/2151|2025/2151|675/716||,T|downstream_gene_variant|MODIFIER|gene-PA-X|gene-PA-X|transcript|rna-PA-X|protein_coding||c.*1265C>T|||||1265|,T|downstream_gene_variant|MODIFIER|gene-PA-X|gene-PA-X|transcript|gene-PA-X|pseudogene||n.*1265C>T|||||1265|
PA	2056	C	T	3076	12_BALF	1186	0.13575	T|synonymous_variant|LOW|gene-PA|gene-PA|transcript|gene-PA|protein_coding|1/1|c.2056C>T|p.Leu686Leu|2056/2151|2056/2151|686/716||,T|downstream_gene_variant|MODIFIER|gene-PA-X|gene-PA-X|transcript|rna-PA-X|protein_coding||c.*1296C>T|||||1296|,T|downstream_gene_variant|MODIFIER|gene-PA-X|gene-PA-X|transcript|gene-PA-X|pseudogene||n.*1296C>T|||||1296|
PA	2109	T	C	3076	12_BALF	935	0.140107	C|synonymous_variant|LOW|gene-PA|gene-PA|transcript|gene-PA|protein_coding|1/1|c.2109T>C|p.Asn703Asn|2109/2151|2109/2151|703/716||,C|downstream_gene_variant|MODIFIER|gene-PA-X|gene-PA-X|transcript|rna-PA-X|protein_coding||c.*1349T>C|||||1349|,C|downstream_gene_variant|MODIFIER|gene-PA-X|gene-PA-X|transcript|gene-PA-X|pseudogene||n.*1349T>C|||||1349|
PB1	162	A	G	1550	12_BALF	568	0.114437	G|missense_variant|MODERATE|gene-PB1-F2|gene-PB1-F2|transcript|gene-PB1-F2|protein_coding|1/1|c.68A>G|p.Asp23Gly|68/240|68/240|23/79||,G|synonymous_variant|LOW|gene-PB1|gene-PB1|transcript|gene-PB1|protein_coding|1/1|c.162A>G|p.Arg54Arg|162/2274|162/2274|54/757||
PB1	174	C	T	1166	12_BALF	551	0.092559	T|missense_variant|MODERATE|gene-PB1-F2|gene-PB1-F2|transcript|gene-PB1-F2|protein_coding|1/1|c.80C>T|p.Thr27Ile|80/240|80/240|27/79||,T|synonymous_variant|LOW|gene-PB1|gene-PB1|transcript|gene-PB1|protein_coding|1/1|c.174C>T|p.Asn58Asn|174/2274|174/2274|58/757||
PB1	186	A	G	1180	12_BALF	545	0.099083	G|missense_variant|MODERATE|gene-PB1-F2|gene-PB1-F2|transcript|gene-PB1-F2|protein_coding|1/1|c.92A>G|p.Glu31Gly|92/240|92/240|31/79||,G|synonymous_variant|LOW|gene-PB1|gene-PB1|transcript|gene-PB1|protein_coding|1/1|c.186A>G|p.Gly62Gly|186/2274|186/2274|62/757||
PB1	264	C	T	707	12_BALF	367	0.084469	T|missense_variant|MODERATE|gene-PB1-F2|gene-PB1-F2|transcript|gene-PB1-F2|protein_coding|1/1|c.170C>T|p.Ser57Phe|170/240|170/240|57/79||,T|synonymous_variant|LOW|gene-PB1|gene-PB1|transcript|gene-PB1|protein_coding|1/1|c.264C>T|p.Val88Val|264/2274|264/2274|88/757||
PB1	281	T	A	409	12_BALF	310	0.06129	A|missense_variant|MODERATE|gene-PB1|gene-PB1|transcript|gene-PB1|protein_coding|1/1|c.281T>A|p.Phe94Tyr|281/2274|281/2274|94/757||,A|missense_variant|MODERATE|gene-PB1-F2|gene-PB1-F2|transcript|gene-PB1-F2|protein_coding|1/1|c.187T>A|p.Ser63Thr|187/240|187/240|63/79||
PB1	303	A	G	365	12_BALF	334	0.053892	G|missense_variant|MODERATE|gene-PB1-F2|gene-PB1-F2|transcript|gene-PB1-F2|protein_coding|1/1|c.209A>G|p.Glu70Gly|209/240|209/240|70/79||,G|synonymous_variant|LOW|gene-PB1|gene-PB1|transcript|gene-PB1|protein_coding|1/1|c.303A>G|p.Gly101Gly|303/2274|303/2274|101/757||
PB1	444	G	A	3076	12_BALF	254	0.590551	A|synonymous_variant|LOW|gene-PB1|gene-PB1|transcript|gene-PB1|protein_coding|1/1|c.444G>A|p.Glu148Glu|444/2274|444/2274|148/757||,A|downstream_gene_variant|MODIFIER|gene-PB1-F2|gene-PB1-F2|transcript|gene-PB1-F2|protein_coding||c.*110G>A|||||110|
PB1	1953	T	A	210	12_BALF	574	0.020906	A|synonymous_variant|LOW|gene-PB1|gene-PB1|transcript|gene-PB1|protein_coding|1/1|c.1953T>A|p.Pro651Pro|1953/2274|1953/2274|651/757||,A|downstream_gene_variant|MODIFIER|gene-PB1-F2|gene-PB1-F2|transcript|gene-PB1-F2|protein_coding||c.*1619T>A|||||1619|
PB1	1962	T	C	177	12_BALF	576	0.022569	C|synonymous_variant|LOW|gene-PB1|gene-PB1|transcript|gene-PB1|protein_coding|1/1|c.1962T>C|p.Ser654Ser|1962/2274|1962/2274|654/757||,C|downstream_gene_variant|MODIFIER|gene-PB1-F2|gene-PB1-F2|transcript|gene-PB1-F2|protein_coding||c.*1628T>C|||||1628|
PB1	1986	T	C	410	12_BALF	612	0.034314	C|synonymous_variant|LOW|gene-PB1|gene-PB1|transcript|gene-PB1|protein_coding|1/1|c.1986T>C|p.Thr662Thr|1986/2274|1986/2274|662/757||,C|downstream_gene_variant|MODIFIER|gene-PB1-F2|gene-PB1-F2|transcript|gene-PB1-F2|protein_coding||c.*1652T>C|||||1652|
PB1	2034	T	C	895	12_BALF	704	0.0625	C|synonymous_variant|LOW|gene-PB1|gene-PB1|transcript|gene-PB1|protein_coding|1/1|c.2034T>C|p.Ser678Ser|2034/2274|2034/2274|678/757||,C|downstream_gene_variant|MODIFIER|gene-PB1-F2|gene-PB1-F2|transcript|gene-PB1-F2|protein_coding||c.*1700T>C|||||1700|
PB1	2067	T	C	1095	12_BALF	796	0.06407	C|synonymous_variant|LOW|gene-PB1|gene-PB1|transcript|gene-PB1|protein_coding|1/1|c.2067T>C|p.Tyr689Tyr|2067/2274|2067/2274|689/757||,C|downstream_gene_variant|MODIFIER|gene-PB1-F2|gene-PB1-F2|transcript|gene-PB1-F2|protein_coding||c.*1733T>C|||||1733|
PB1	2073	G	A	1408	12_BALF	787	0.080051	A|synonymous_variant|LOW|gene-PB1|gene-PB1|transcript|gene-PB1|protein_coding|1/1|c.2073G>A|p.Lys691Lys|2073/2274|2073/2274|691/757||,A|downstream_gene_variant|MODIFIER|gene-PB1-F2|gene-PB1-F2|transcript|gene-PB1-F2|protein_coding||c.*1739G>A|||||1739|
PB1	2115	T	C	3076	12_BALF	1035	0.164251	C|synonymous_variant|LOW|gene-PB1|gene-PB1|transcript|gene-PB1|protein_coding|1/1|c.2115T>C|p.Tyr705Tyr|2115/2274|2115/2274|705/757||,C|downstream_gene_variant|MODIFIER|gene-PB1-F2|gene-PB1-F2|transcript|gene-PB1-F2|protein_coding||c.*1781T>C|||||1781|
PB1	2190	T	C	3076	12_BALF	944	0.169492	C|synonymous_variant|LOW|gene-PB1|gene-PB1|transcript|gene-PB1|protein_coding|1/1|c.2190T>C|p.Phe730Phe|2190/2274|2190/2274|730/757||,C|downstream_gene_variant|MODIFIER|gene-PB1-F2|gene-PB1-F2|transcript|gene-PB1-F2|protein_coding||c.*1856T>C|||||1856|
PB1	2237	T	C	156	12_BALF	699	0.015737	C|missense_variant|MODERATE|gene-PB1|gene-PB1|transcript|gene-PB1|protein_coding|1/1|c.2237T>C|p.Ile746Thr|2237/2274|2237/2274|746/757||,C|downstream_gene_variant|MODIFIER|gene-PB1-F2|gene-PB1-F2|transcript|gene-PB1-F2|protein_coding||c.*1903T>C|||||1903|
PB1	2257	C	T	1972	12_BALF	514	0.151751	T|missense_variant|MODERATE|gene-PB1|gene-PB1|transcript|gene-PB1|protein_coding|1/1|c.2257C>T|p.Leu753Phe|2257/2274|2257/2274|753/757||,T|downstream_gene_variant|MODIFIER|gene-PB1-F2|gene-PB1-F2|transcript|gene-PB1-F2|protein_coding||c.*1923C>T|||||1923|
PB2	117	G	A	481	12_BALF	1394	0.162123	A|synonymous_variant|LOW|gene-PB2|gene-PB2|transcript|gene-PB2|protein_coding|1/1|c.117G>A|p.Gln39Gln|117/2280|117/2280|39/759||
PB2	162	A	G	3076	12_BALF	1349	0.118606	G|synonymous_variant|LOW|gene-PB2|gene-PB2|transcript|gene-PB2|protein_coding|1/1|c.162A>G|p.Lys54Lys|162/2280|162/2280|54/759||
PB2	213	C	T	706	12_BALF	1461	0.027379	T|synonymous_variant|LOW|gene-PB2|gene-PB2|transcript|gene-PB2|protein_coding|1/1|c.213C>T|p.Asn71Asn|213/2280|213/2280|71/759||WARNING_REF_DOES_NOT_MATCH_GENOME
PB2	228	A	G	1898	12_BALF	1433	0.070482	G|missense_variant|MODERATE|gene-PB2|gene-PB2|transcript|gene-PB2|protein_coding|1/1|c.228A>G|p.Ile76Met|228/2280|228/2280|76/759||
PB2	239	G	A	2461	12_BALF	1415	0.078445	A|missense_variant|MODERATE|gene-PB2|gene-PB2|transcript|gene-PB2|protein_coding|1/1|c.239G>A|p.Arg80Lys|239/2280|239/2280|80/759||
PB2	264	G	A	1786	12_BALF	1368	0.061404	A|synonymous_variant|LOW|gene-PB2|gene-PB2|transcript|gene-PB2|protein_coding|1/1|c.264G>A|p.Arg88Arg|264/2280|264/2280|88/759||
PB2	336	C	T	195	12_BALF	1433	0.010468	T|synonymous_variant|LOW|gene-PB2|gene-PB2|transcript|gene-PB2|protein_coding|1/1|c.336C>T|p.Pro112Pro|336/2280|336/2280|112/759||
PB2	843	G	A	146	12_BALF	1652	0.007264	A|synonymous_variant|LOW|gene-PB2|gene-PB2|transcript|gene-PB2|protein_coding|1/1|c.843G>A|p.Leu281Leu|843/2280|843/2280|281/759||WARNING_REF_DOES_NOT_MATCH_GENOME
PB2	878	G	A	216	12_BALF	1443	0.010395	A|missense_variant|MODERATE|gene-PB2|gene-PB2|transcript|gene-PB2|protein_coding|1/1|c.878G>A|p.Arg293Lys|878/2280|878/2280|293/759||
PB2	1317	G	A	287	12_BALF	1756	0.01139	A|synonymous_variant|LOW|gene-PB2|gene-PB2|transcript|gene-PB2|protein_coding|1/1|c.1317G>A|p.Gln439Gln|1317/2280|1317/2280|439/759||
PB2	1945	G	A	173	12_BALF	1617	0.008658	A|missense_variant|MODERATE|gene-PB2|gene-PB2|transcript|gene-PB2|protein_coding|1/1|c.1945G>A|p.Val649Ile|1945/2280|1945/2280|649/759||
PB2	1953	G	T	113	12_BALF	1548	0.007106	T|synonymous_variant|LOW|gene-PB2|gene-PB2|transcript|gene-PB2|protein_coding|1/1|c.1953G>T|p.Gly651Gly|1953/2280|1953/2280|651/759||
PB2	1965	G	A	154	12_BALF	1616	0.008045	A|synonymous_variant|LOW|gene-PB2|gene-PB2|transcript|gene-PB2|protein_coding|1/1|c.1965G>A|p.Val655Val|1965/2280|1965/2280|655/759||
PB2	1968	T	C	126	12_BALF	1581	0.006958	C|synonymous_variant|LOW|gene-PB2|gene-PB2|transcript|gene-PB2|protein_coding|1/1|c.1968T>C|p.Phe656Phe|1968/2280|1968/2280|656/759||
PB2	1986	C	A	151	12_BALF	1577	0.008244	A|synonymous_variant|LOW|gene-PB2|gene-PB2|transcript|gene-PB2|protein_coding|1/1|c.1986C>A|p.Thr662Thr|1986/2280|1986/2280|662/759||
PB2	1998	G	A	693	12_BALF	1642	0.029233	A|synonymous_variant|LOW|gene-PB2|gene-PB2|transcript|gene-PB2|protein_coding|1/1|c.1998G>A|p.Thr666Thr|1998/2280|1998/2280|666/759||
PB2	2010	G	A	1058	12_BALF	1636	0.035452	A|synonymous_variant|LOW|gene-PB2|gene-PB2|transcript|gene-PB2|protein_coding|1/1|c.2010G>A|p.Lys670Lys|2010/2280|2010/2280|670/759||
PB2	2034	T	C	1263	12_BALF	1621	0.043183	C|synonymous_variant|LOW|gene-PB2|gene-PB2|transcript|gene-PB2|protein_coding|1/1|c.2034T>C|p.Asp678Asp|2034/2280|2034/2280|678/759||
PB2	2055	T	A	1445	12_BALF	1598	0.057572	A|synonymous_variant|LOW|gene-PB2|gene-PB2|transcript|gene-PB2|protein_coding|1/1|c.2055T>A|p.Gly685Gly|2055/2280|2055/2280|685/759||
PB2	2127	T	C	3216	12_BALF	1444	0.09903	C|synonymous_variant|LOW|gene-PB2|gene-PB2|transcript|gene-PB2|protein_coding|1/1|c.2127T>C|p.Ser709Ser|2127/2280|2127/2280|709/759||
M	534	A	G	145	13_BALF	2057	0.005834	G|synonymous_variant|LOW|gene-M1|gene-M1|transcript|gene-M1|protein_coding|1/1|c.534A>G|p.Arg178Arg|534/759|534/759|178/252||,G|intron_variant|MODIFIER|gene-M2|gene-M2|transcript|rna-M2|protein_coding|1/1|c.27-181A>G||||||,G|intron_variant|MODIFIER|gene-M2|gene-M2|transcript|gene-M2|pseudogene|1/1|n.27-181A>G||||||,G|non_coding_transcript_exon_variant|MODIFIER|id-M2|id-M2|transcript|id-M2|pseudogene|1/1|n.508A>G||||||
M	584	C	T	122	13_BALF	1684	0.006532	T|missense_variant|MODERATE|gene-M1|gene-M1|transcript|gene-M1|protein_coding|1/1|c.584C>T|p.Ser195Leu|584/759|584/759|195/252||,T|intron_variant|MODIFIER|gene-M2|gene-M2|transcript|rna-M2|protein_coding|1/1|c.27-131C>T||||||,T|intron_variant|MODIFIER|gene-M2|gene-M2|transcript|gene-M2|pseudogene|1/1|n.27-131C>T||||||,T|non_coding_transcript_exon_variant|MODIFIER|id-M2|id-M2|transcript|id-M2|pseudogene|1/1|n.558C>T||||||
M	627	T	C	109	13_BALF	1835	0.00545	C|synonymous_variant|LOW|gene-M1|gene-M1|transcript|gene-M1|protein_coding|1/1|c.627T>C|p.Thr209Thr|627/759|627/759|209/252||,C|intron_variant|MODIFIER|gene-M2|gene-M2|transcript|rna-M2|protein_coding|1/1|c.27-88T>C||||||,C|intron_variant|MODIFIER|gene-M2|gene-M2|transcript|gene-M2|pseudogene|1/1|n.27-88T>C||||||,C|non_coding_transcript_exon_variant|MODIFIER|id-M2|id-M2|transcript|id-M2|pseudogene|1/1|n.601T>C||||||
NS	153	T	C	236	13_BALF	1567	0.012125	C|synonymous_variant|LOW|gene-NS1|gene-NS1|transcript|gene-NS1|protein_coding|1/1|c.153T>C|p.Gly51Gly|153/693|153/693|51/230||,C|intron_variant|MODIFIER|gene-NS2|gene-NS2|transcript|rna-NS2|protein_coding|1/1|c.30+123T>C||||||,C|intron_variant|MODIFIER|gene-NS2|gene-NS2|transcript|gene-NS2|pseudogene|1/1|n.30+123T>C||||||,C|non_coding_transcript_exon_variant|MODIFIER|id-NS2|id-NS2|transcript|id-NS2|pseudogene|1/1|n.123T>C||||||
NS	363	G	T	85	13_BALF	1241	0.010475	T|synonymous_variant|LOW|gene-NS1|gene-NS1|transcript|gene-NS1|protein_coding|1/1|c.363G>T|p.His121His|363/693|363/693|121/230||WARNING_REF_DOES_NOT_MATCH_GENOME,T|intron_variant|MODIFIER|gene-NS2|gene-NS2|transcript|rna-NS2|protein_coding|1/1|c.31-140G>T||||||,T|intron_variant|MODIFIER|gene-NS2|gene-NS2|transcript|gene-NS2|pseudogene|1/1|n.31-140G>T||||||,T|non_coding_transcript_exon_variant|MODIFIER|id-NS2|id-NS2|transcript|id-NS2|pseudogene|1/1|n.333G>T||||||WARNING_REF_DOES_NOT_MATCH_GENOME
NS	724	A	G	128	13_BALF	1345	0.008178	G|synonymous_variant|LOW|gene-NS2|gene-NS2|transcript|rna-NS2|protein_coding|2/2|c.252A>G|p.Arg84Arg|252/366|252/366|84/121||,G|downstream_gene_variant|MODIFIER|gene-NS1|gene-NS1|transcript|gene-NS1|protein_coding||c.*31A>G|||||31|,G|downstream_gene_variant|MODIFIER|id-NS2|id-NS2|transcript|id-NS2|pseudogene||n.*222A>G|||||222|,G|non_coding_transcript_exon_variant|MODIFIER|gene-NS2|gene-NS2|transcript|gene-NS2|pseudogene|2/2|n.252A>G||||||
PB2	213	C	T	338	13_BALF	290	0.055172	T|synonymous_variant|LOW|gene-PB2|gene-PB2|transcript|gene-PB2|protein_coding|1/1|c.213C>T|p.Asn71Asn|213/2280|213/2280|71/759||WARNING_REF_DOES_NOT_MATCH_GENOME
PB2	2265	G	A	293	13_BALF	343	0.043732	A|synonymous_variant|LOW|gene-PB2|gene-PB2|transcript|gene-PB2|protein_coding|1/1|c.2265G>A|p.Arg755Arg|2265/2280|2265/2280|755/759||WARNING_REF_DOES_NOT_MATCH_GENOME
M	727	C	T	1117	14_BALF	326	0.150307	T|missense_variant|MODERATE|gene-M1|gene-M1|transcript|gene-M1|protein_coding|1/1|c.727C>T|p.Arg243Trp|727/759|727/759|243/252||,T|synonymous_variant|LOW|gene-M2|gene-M2|transcript|rna-M2|protein_coding|2/2|c.39C>T|p.Ser13Ser|39/294|39/294|13/97||,T|downstream_gene_variant|MODIFIER|id-M2|id-M2|transcript|id-M2|pseudogene||n.*13C>T|||||13|,T|non_coding_transcript_exon_variant|MODIFIER|gene-M2|gene-M2|transcript|gene-M2|pseudogene|2/2|n.39C>T||||||
PA	1919	T	A	741	14_BALF	410	0.163415	A|stop_gained|HIGH|gene-PA|gene-PA|transcript|gene-PA|protein_coding|1/1|c.1919T>A|p.Leu640*|1919/2151|1919/2151|640/716||,A|downstream_gene_variant|MODIFIER|gene-PA-X|gene-PA-X|transcript|rna-PA-X|protein_coding||c.*1159T>A|||||1159|,A|downstream_gene_variant|MODIFIER|gene-PA-X|gene-PA-X|transcript|gene-PA-X|pseudogene||n.*1159T>A|||||1159|
PB2	213	C	T	225	14_BALF	158	0.06962	T|synonymous_variant|LOW|gene-PB2|gene-PB2|transcript|gene-PB2|protein_coding|1/1|c.213C>T|p.Asn71Asn|213/2280|213/2280|71/759||WARNING_REF_DOES_NOT_MATCH_GENOME
PB2	825	T	C	238	14_BALF	109	0.100917	C|synonymous_variant|LOW|gene-PB2|gene-PB2|transcript|gene-PB2|protein_coding|1/1|c.825T>C|p.Asp275Asp|825/2280|825/2280|275/759||
PB2	843	G	A	358	14_BALF	111	0.135135	A|synonymous_variant|LOW|gene-PB2|gene-PB2|transcript|gene-PB2|protein_coding|1/1|c.843G>A|p.Leu281Leu|843/2280|843/2280|281/759||WARNING_REF_DOES_NOT_MATCH_GENOME
PB2	2265	G	A	2298	14_BALF	197	0.395939	A|synonymous_variant|LOW|gene-PB2|gene-PB2|transcript|gene-PB2|protein_coding|1/1|c.2265G>A|p.Arg755Arg|2265/2280|2265/2280|755/759||WARNING_REF_DOES_NOT_MATCH_GENOME
NS	363	G	T	185	H1N2	183	0.060109	T|synonymous_variant|LOW|gene-NS1|gene-NS1|transcript|gene-NS1|protein_coding|1/1|c.363G>T|p.His121His|363/693|363/693|121/230||WARNING_REF_DOES_NOT_MATCH_GENOME,T|intron_variant|MODIFIER|gene-NS2|gene-NS2|transcript|rna-NS2|protein_coding|1/1|c.31-140G>T||||||,T|intron_variant|MODIFIER|gene-NS2|gene-NS2|transcript|gene-NS2|pseudogene|1/1|n.31-140G>T||||||,T|non_coding_transcript_exon_variant|MODIFIER|id-NS2|id-NS2|transcript|id-NS2|pseudogene|1/1|n.333G>T||||||WARNING_REF_DOES_NOT_MATCH_GENOME
PB2	213	C	T	1505	H1N2	1006	0.067594	T|synonymous_variant|LOW|gene-PB2|gene-PB2|transcript|gene-PB2|protein_coding|1/1|c.213C>T|p.Asn71Asn|213/2280|213/2280|71/759||WARNING_REF_DOES_NOT_MATCH_GENOME
PB2	843	G	A	259	H1N2	363	0.044077	A|synonymous_variant|LOW|gene-PB2|gene-PB2|transcript|gene-PB2|protein_coding|1/1|c.843G>A|p.Leu281Leu|843/2280|843/2280|281/759||WARNING_REF_DOES_NOT_MATCH_GENOME
PB2	2265	G	A	630	H1N2	812	0.039409	A|synonymous_variant|LOW|gene-PB2|gene-PB2|transcript|gene-PB2|protein_coding|1/1|c.2265G>A|p.Arg755Arg|2265/2280|2265/2280|755/759||WARNING_REF_DOES_NOT_MATCH_GENOME
HA	859	G	A	1170	animal12_3_NS	372	0.129032	A|missense_variant|MODERATE|gene-HA|gene-HA|transcript|gene-HA|protein_coding|1/1|c.859G>A|p.Ala287Thr|859/1701|859/1701|287/566||
NA	1356	C	T	387	animal12_3_NS	225	0.084444	T|synonymous_variant|LOW|gene-NA|gene-NA|transcript|gene-NA|protein_coding|1/1|c.1356C>T|p.Thr452Thr|1356/1410|1356/1410|452/469||WARNING_REF_DOES_NOT_MATCH_GENOME
M	436	C	T	109	animal12_3_NS	1659	0.006028	T|synonymous_variant|LOW|gene-M1|gene-M1|transcript|gene-M1|protein_coding|1/1|c.436C>T|p.Leu146Leu|436/759|436/759|146/252||,T|intron_variant|MODIFIER|gene-M2|gene-M2|transcript|rna-M2|protein_coding|1/1|c.27-279C>T||||||,T|intron_variant|MODIFIER|gene-M2|gene-M2|transcript|gene-M2|pseudogene|1/1|n.27-279C>T||||||,T|non_coding_transcript_exon_variant|MODIFIER|id-M2|id-M2|transcript|id-M2|pseudogene|1/1|n.410C>T||||||
M	534	A	G	658	animal12_3_NS	1688	0.023104	G|synonymous_variant|LOW|gene-M1|gene-M1|transcript|gene-M1|protein_coding|1/1|c.534A>G|p.Arg178Arg|534/759|534/759|178/252||,G|intron_variant|MODIFIER|gene-M2|gene-M2|transcript|rna-M2|protein_coding|1/1|c.27-181A>G||||||,G|intron_variant|MODIFIER|gene-M2|gene-M2|transcript|gene-M2|pseudogene|1/1|n.27-181A>G||||||,G|non_coding_transcript_exon_variant|MODIFIER|id-M2|id-M2|transcript|id-M2|pseudogene|1/1|n.508A>G||||||
M	660	G	A	517	animal12_3_NS	1464	0.021858	A|synonymous_variant|LOW|gene-M1|gene-M1|transcript|gene-M1|protein_coding|1/1|c.660G>A|p.Gly220Gly|660/759|660/759|220/252||,A|intron_variant|MODIFIER|gene-M2|gene-M2|transcript|rna-M2|protein_coding|1/1|c.27-55G>A||||||,A|intron_variant|MODIFIER|gene-M2|gene-M2|transcript|gene-M2|pseudogene|1/1|n.27-55G>A||||||,A|non_coding_transcript_exon_variant|MODIFIER|id-M2|id-M2|transcript|id-M2|pseudogene|1/1|n.634G>A||||||
M	933	G	A	371	animal12_3_NS	627	0.031898	A|missense_variant|MODERATE|gene-M2|gene-M2|transcript|rna-M2|protein_coding|2/2|c.245G>A|p.Ser82Asn|245/294|245/294|82/97||,A|downstream_gene_variant|MODIFIER|gene-M1|gene-M1|transcript|gene-M1|protein_coding||c.*174G>A|||||174|,A|downstream_gene_variant|MODIFIER|id-M2|id-M2|transcript|id-M2|pseudogene||n.*219G>A|||||219|,A|non_coding_transcript_exon_variant|MODIFIER|gene-M2|gene-M2|transcript|gene-M2|pseudogene|2/2|n.245G>A||||||
NP	1117	A	G	180	animal12_3_NS	444	0.022523	G|missense_variant|MODERATE|gene-NP|gene-NP|transcript|gene-NP|protein_coding|1/1|c.1117A>G|p.Thr373Ala|1117/1497|1117/1497|373/498||
NS	745	G	A	583	animal12_3_NS	798	0.037594	A|synonymous_variant|LOW|gene-NS2|gene-NS2|transcript|rna-NS2|protein_coding|2/2|c.273G>A|p.Glu91Glu|273/366|273/366|91/121||,A|downstream_gene_variant|MODIFIER|gene-NS1|gene-NS1|transcript|gene-NS1|protein_coding||c.*52G>A|||||52|,A|downstream_gene_variant|MODIFIER|id-NS2|id-NS2|transcript|id-NS2|pseudogene||n.*243G>A|||||243|,A|non_coding_transcript_exon_variant|MODIFIER|gene-NS2|gene-NS2|transcript|gene-NS2|pseudogene|2/2|n.273G>A||||||
PA	1999	C	T	177	animal12_3_NS	397	0.025189	T|synonymous_variant|LOW|gene-PA|gene-PA|transcript|gene-PA|protein_coding|1/1|c.1999C>T|p.Leu667Leu|1999/2151|1999/2151|667/716||,T|downstream_gene_variant|MODIFIER|gene-PA-X|gene-PA-X|transcript|rna-PA-X|protein_coding||c.*1239C>T|||||1239|,T|downstream_gene_variant|MODIFIER|gene-PA-X|gene-PA-X|transcript|gene-PA-X|pseudogene||n.*1239C>T|||||1239|
PB2	132	T	C	93	animal12_3_NS	250	0.088	C|synonymous_variant|LOW|gene-PB2|gene-PB2|transcript|gene-PB2|protein_coding|1/1|c.132T>C|p.Ala44Ala|132/2280|132/2280|44/759||
PB2	1605	G	A	857	animal12_3_NS	492	0.077236	A|missense_variant|MODERATE|gene-PB2|gene-PB2|transcript|gene-PB2|protein_coding|1/1|c.1605G>A|p.Met535Ile|1605/2280|1605/2280|535/759||
M	442	T	C	173	animal12_4_NS	345	0.028986	C|missense_variant|MODERATE|gene-M1|gene-M1|transcript|gene-M1|protein_coding|1/1|c.442T>C|p.Cys148Arg|442/759|442/759|148/252||,C|intron_variant|MODIFIER|gene-M2|gene-M2|transcript|rna-M2|protein_coding|1/1|c.27-273T>C||||||,C|intron_variant|MODIFIER|gene-M2|gene-M2|transcript|gene-M2|pseudogene|1/1|n.27-273T>C||||||,C|non_coding_transcript_exon_variant|MODIFIER|id-M2|id-M2|transcript|id-M2|pseudogene|1/1|n.416T>C||||||
NS	566	A	G	420	animal12_4_NS	370	0.056757	G|missense_variant|MODERATE|gene-NS1|gene-NS1|transcript|gene-NS1|protein_coding|1/1|c.566A>G|p.Asp189Gly|566/693|566/693|189/230||,G|missense_variant|MODERATE|gene-NS2|gene-NS2|transcript|rna-NS2|protein_coding|2/2|c.94A>G|p.Ile32Val|94/366|94/366|32/121||,G|downstream_gene_variant|MODIFIER|id-NS2|id-NS2|transcript|id-NS2|pseudogene||n.*64A>G|||||64|,G|non_coding_transcript_exon_variant|MODIFIER|gene-NS2|gene-NS2|transcript|gene-NS2|pseudogene|2/2|n.94A>G||||||
PA	142	T	C	521	animal12_4_NS	156	0.198718	C|missense_variant|MODERATE|gene-PA-X|gene-PA-X|transcript|rna-PA-X|protein_coding|1/2|c.142T>C|p.Tyr48His|142/759|142/759|48/252||,C|missense_variant|MODERATE|gene-PA|gene-PA|transcript|gene-PA|protein_coding|1/1|c.142T>C|p.Tyr48His|142/2151|142/2151|48/716||,C|non_coding_transcript_exon_variant|MODIFIER|gene-PA-X|gene-PA-X|transcript|gene-PA-X|pseudogene|1/2|n.142T>C||||||
PA	1933	G	T	263	animal12_4_NS	259	0.050193	T|missense_variant|MODERATE|gene-PA|gene-PA|transcript|gene-PA|protein_coding|1/1|c.1933G>T|p.Val645Leu|1933/2151|1933/2151|645/716||,T|downstream_gene_variant|MODIFIER|gene-PA-X|gene-PA-X|transcript|rna-PA-X|protein_coding||c.*1173G>T|||||1173|,T|downstream_gene_variant|MODIFIER|gene-PA-X|gene-PA-X|transcript|gene-PA-X|pseudogene||n.*1173G>T|||||1173|
PA	1972	T	C	219	animal12_4_NS	323	0.043344	C|missense_variant|MODERATE|gene-PA|gene-PA|transcript|gene-PA|protein_coding|1/1|c.1972T>C|p.Phe658Leu|1972/2151|1972/2151|658/716||,C|downstream_gene_variant|MODIFIER|gene-PA-X|gene-PA-X|transcript|rna-PA-X|protein_coding||c.*1212T>C|||||1212|,C|downstream_gene_variant|MODIFIER|gene-PA-X|gene-PA-X|transcript|gene-PA-X|pseudogene||n.*1212T>C|||||1212|
PB2	843	G	A	189	animal12_4_NS	253	0.039526	A|synonymous_variant|LOW|gene-PB2|gene-PB2|transcript|gene-PB2|protein_coding|1/1|c.843G>A|p.Leu281Leu|843/2280|843/2280|281/759||WARNING_REF_DOES_NOT_MATCH_GENOME
PB2	1605	G	A	475	animal12_4_NS	278	0.07554	A|missense_variant|MODERATE|gene-PB2|gene-PB2|transcript|gene-PB2|protein_coding|1/1|c.1605G>A|p.Met535Ile|1605/2280|1605/2280|535/759||
PB2	2125	A	G	257	animal12_4_NS	266	0.048872	G|missense_variant|MODERATE|gene-PB2|gene-PB2|transcript|gene-PB2|protein_coding|1/1|c.2125A>G|p.Ser709Gly|2125/2280|2125/2280|709/759||
PB2	2265	G	A	805	animal12_4_NS	131	0.221374	A|synonymous_variant|LOW|gene-PB2|gene-PB2|transcript|gene-PB2|protein_coding|1/1|c.2265G>A|p.Arg755Arg|2265/2280|2265/2280|755/759||WARNING_REF_DOES_NOT_MATCH_GENOME
HA	63	T	C	109	animal12_5_NS	106	0.330189	C|synonymous_variant|LOW|gene-HA|gene-HA|transcript|gene-HA|protein_coding|1/1|c.63T>C|p.Cys21Cys|63/1701|63/1701|21/566||
HA	299	C	T	249	animal12_5_NS	124	0.08871	T|missense_variant|MODERATE|gene-HA|gene-HA|transcript|gene-HA|protein_coding|1/1|c.299C>T|p.Pro100Leu|299/1701|299/1701|100/566||
HA	678	G	A	330	animal12_5_NS	156	0.096154	A|synonymous_variant|LOW|gene-HA|gene-HA|transcript|gene-HA|protein_coding|1/1|c.678G>A|p.Arg226Arg|678/1701|678/1701|226/566||
NA	486	A	G	348	animal12_5_NS	201	0.079602	G|synonymous_variant|LOW|gene-NA|gene-NA|transcript|gene-NA|protein_coding|1/1|c.486A>G|p.Glu162Glu|486/1410|486/1410|162/469||
NS	315	C	T	372	animal12_5_NS	896	0.023438	T|synonymous_variant|LOW|gene-NS1|gene-NS1|transcript|gene-NS1|protein_coding|1/1|c.315C>T|p.Leu105Leu|315/693|315/693|105/230||,T|intron_variant|MODIFIER|gene-NS2|gene-NS2|transcript|rna-NS2|protein_coding|1/1|c.31-188C>T||||||,T|intron_variant|MODIFIER|gene-NS2|gene-NS2|transcript|gene-NS2|pseudogene|1/1|n.31-188C>T||||||,T|non_coding_transcript_exon_variant|MODIFIER|id-NS2|id-NS2|transcript|id-NS2|pseudogene|1/1|n.285C>T||||||
NS	386	C	T	494	animal12_5_NS	637	0.039246	T|missense_variant|MODERATE|gene-NS1|gene-NS1|transcript|gene-NS1|protein_coding|1/1|c.386C>T|p.Thr129Ile|386/693|386/693|129/230||,T|intron_variant|MODIFIER|gene-NS2|gene-NS2|transcript|rna-NS2|protein_coding|1/1|c.31-117C>T||||||,T|intron_variant|MODIFIER|gene-NS2|gene-NS2|transcript|gene-NS2|pseudogene|1/1|n.31-117C>T||||||,T|non_coding_transcript_exon_variant|MODIFIER|id-NS2|id-NS2|transcript|id-NS2|pseudogene|1/1|n.356C>T||||||
PB1	2104	A	G	426	animal12_5_NS	134	0.126866	G|missense_variant|MODERATE|gene-PB1|gene-PB1|transcript|gene-PB1|protein_coding|1/1|c.2104A>G|p.Ser702Gly|2104/2274|2104/2274|702/757||,G|downstream_gene_variant|MODIFIER|gene-PB1-F2|gene-PB1-F2|transcript|gene-PB1-F2|protein_coding||c.*1770A>G|||||1770|
PB2	1605	G	A	620	animal12_5_NS	163	0.147239	A|missense_variant|MODERATE|gene-PB2|gene-PB2|transcript|gene-PB2|protein_coding|1/1|c.1605G>A|p.Met535Ile|1605/2280|1605/2280|535/759||
NA	123	G	A	277	animal13_3_NS	120	0.141667	A|synonymous_variant|LOW|gene-NA|gene-NA|transcript|gene-NA|protein_coding|1/1|c.123G>A|p.Glu41Glu|123/1410|123/1410|41/469||
NA	324	T	C	2100	animal13_3_NS	243	0.300412	C|synonymous_variant|LOW|gene-NA|gene-NA|transcript|gene-NA|protein_coding|1/1|c.324T>C|p.Leu108Leu|324/1410|324/1410|108/469||
NA	887	A	G	352	animal13_3_NS	263	0.064639	G|missense_variant|MODERATE|gene-NA|gene-NA|transcript|gene-NA|protein_coding|1/1|c.887A>G|p.Lys296Arg|887/1410|887/1410|296/469||
NA	1230	C	T	1117	animal13_3_NS	197	0.213198	T|synonymous_variant|LOW|gene-NA|gene-NA|transcript|gene-NA|protein_coding|1/1|c.1230C>T|p.Phe410Phe|1230/1410|1230/1410|410/469||
M	506	C	T	1883	animal13_3_NS	1397	0.065855	T|missense_variant|MODERATE|gene-M1|gene-M1|transcript|gene-M1|protein_coding|1/1|c.506C>T|p.Thr169Ile|506/759|506/759|169/252||,T|intron_variant|MODIFIER|gene-M2|gene-M2|transcript|rna-M2|protein_coding|1/1|c.27-209C>T||||||,T|intron_variant|MODIFIER|gene-M2|gene-M2|transcript|gene-M2|pseudogene|1/1|n.27-209C>T||||||,T|non_coding_transcript_exon_variant|MODIFIER|id-M2|id-M2|transcript|id-M2|pseudogene|1/1|n.480C>T||||||
M	538	G	T	628	animal13_3_NS	1425	0.025965	T|missense_variant|MODERATE|gene-M1|gene-M1|transcript|gene-M1|protein_coding|1/1|c.538G>T|p.Val180Leu|538/759|538/759|180/252||,T|intron_variant|MODIFIER|gene-M2|gene-M2|transcript|rna-M2|protein_coding|1/1|c.27-177G>T||||||,T|intron_variant|MODIFIER|gene-M2|gene-M2|transcript|gene-M2|pseudogene|1/1|n.27-177G>T||||||,T|non_coding_transcript_exon_variant|MODIFIER|id-M2|id-M2|transcript|id-M2|pseudogene|1/1|n.512G>T||||||
M	665	A	G	292	animal13_3_NS	1270	0.015748	G|missense_variant|MODERATE|gene-M1|gene-M1|transcript|gene-M1|protein_coding|1/1|c.665A>G|p.His222Arg|665/759|665/759|222/252||,G|intron_variant|MODIFIER|gene-M2|gene-M2|transcript|rna-M2|protein_coding|1/1|c.27-50A>G||||||,G|intron_variant|MODIFIER|gene-M2|gene-M2|transcript|gene-M2|pseudogene|1/1|n.27-50A>G||||||,G|non_coding_transcript_exon_variant|MODIFIER|id-M2|id-M2|transcript|id-M2|pseudogene|1/1|n.639A>G||||||
M	869	A	G	438	animal13_3_NS	909	0.027503	G|missense_variant|MODERATE|gene-M2|gene-M2|transcript|rna-M2|protein_coding|2/2|c.181A>G|p.Arg61Gly|181/294|181/294|61/97||,G|downstream_gene_variant|MODIFIER|gene-M1|gene-M1|transcript|gene-M1|protein_coding||c.*110A>G|||||110|,G|downstream_gene_variant|MODIFIER|id-M2|id-M2|transcript|id-M2|pseudogene||n.*155A>G|||||155|,G|non_coding_transcript_exon_variant|MODIFIER|gene-M2|gene-M2|transcript|gene-M2|pseudogene|2/2|n.181A>G||||||
NS	167	C	T	253	animal13_3_NS	908	0.017621	T|missense_variant|MODERATE|gene-NS1|gene-NS1|transcript|gene-NS1|protein_coding|1/1|c.167C>T|p.Pro56Leu|167/693|167/693|56/230||,T|intron_variant|MODIFIER|gene-NS2|gene-NS2|transcript|rna-NS2|protein_coding|1/1|c.30+137C>T||||||,T|intron_variant|MODIFIER|gene-NS2|gene-NS2|transcript|gene-NS2|pseudogene|1/1|n.30+137C>T||||||,T|non_coding_transcript_exon_variant|MODIFIER|id-NS2|id-NS2|transcript|id-NS2|pseudogene|1/1|n.137C>T||||||
NS	799	G	A	1577	animal13_3_NS	331	0.181269	A|synonymous_variant|LOW|gene-NS2|gene-NS2|transcript|rna-NS2|protein_coding|2/2|c.327G>A|p.Val109Val|327/366|327/366|109/121||,A|downstream_gene_variant|MODIFIER|gene-NS1|gene-NS1|transcript|gene-NS1|protein_coding||c.*106G>A|||||106|,A|downstream_gene_variant|MODIFIER|id-NS2|id-NS2|transcript|id-NS2|pseudogene||n.*297G>A|||||297|,A|non_coding_transcript_exon_variant|MODIFIER|gene-NS2|gene-NS2|transcript|gene-NS2|pseudogene|2/2|n.327G>A||||||
PB2	426	C	A	313	animal13_3_NS	113	0.115044	A|synonymous_variant|LOW|gene-PB2|gene-PB2|transcript|gene-PB2|protein_coding|1/1|c.426C>A|p.Arg142Arg|426/2280|426/2280|142/759||
PB2	926	A	C	353	animal13_3_NS	110	0.136364	C|missense_variant|MODERATE|gene-PB2|gene-PB2|transcript|gene-PB2|protein_coding|1/1|c.926A>C|p.Asp309Ala|926/2280|926/2280|309/759||
PB2	2022	A	G	237	animal13_3_NS	132	0.075758	G|synonymous_variant|LOW|gene-PB2|gene-PB2|transcript|gene-PB2|protein_coding|1/1|c.2022A>G|p.Ala674Ala|2022/2280|2022/2280|674/759||
NA	1356	C	T	3089	animal13_4_NS	126	0.714286	T|synonymous_variant|LOW|gene-NA|gene-NA|transcript|gene-NA|protein_coding|1/1|c.1356C>T|p.Thr452Thr|1356/1410|1356/1410|452/469||WARNING_REF_DOES_NOT_MATCH_GENOME
NS	707	C	T	1819	animal13_4_NS	580	0.12931	T|synonymous_variant|LOW|gene-NS2|gene-NS2|transcript|rna-NS2|protein_coding|2/2|c.235C>T|p.Leu79Leu|235/366|235/366|79/121||,T|downstream_gene_variant|MODIFIER|gene-NS1|gene-NS1|transcript|gene-NS1|protein_coding||c.*14C>T|||||14|,T|downstream_gene_variant|MODIFIER|id-NS2|id-NS2|transcript|id-NS2|pseudogene||n.*205C>T|||||205|,T|non_coding_transcript_exon_variant|MODIFIER|gene-NS2|gene-NS2|transcript|gene-NS2|pseudogene|2/2|n.235C>T||||||
NS	799	G	A	849	animal13_4_NS	252	0.134921	A|synonymous_variant|LOW|gene-NS2|gene-NS2|transcript|rna-NS2|protein_coding|2/2|c.327G>A|p.Val109Val|327/366|327/366|109/121||,A|downstream_gene_variant|MODIFIER|gene-NS1|gene-NS1|transcript|gene-NS1|protein_coding||c.*106G>A|||||106|,A|downstream_gene_variant|MODIFIER|id-NS2|id-NS2|transcript|id-NS2|pseudogene||n.*297G>A|||||297|,A|non_coding_transcript_exon_variant|MODIFIER|gene-NS2|gene-NS2|transcript|gene-NS2|pseudogene|2/2|n.327G>A||||||
HA	514	A	G	359	animal13_5_NS	226	0.075221	G|missense_variant|MODERATE|gene-HA|gene-HA|transcript|gene-HA|protein_coding|1/1|c.514A>G|p.Asn172Asp|514/1701|514/1701|172/566||
HA	1221	C	T	413	animal13_5_NS	170	0.105882	T|synonymous_variant|LOW|gene-HA|gene-HA|transcript|gene-HA|protein_coding|1/1|c.1221C>T|p.Phe407Phe|1221/1701|1221/1701|407/566||
NA	324	T	C	3076	animal13_5_NS	457	0.260394	C|synonymous_variant|LOW|gene-NA|gene-NA|transcript|gene-NA|protein_coding|1/1|c.324T>C|p.Leu108Leu|324/1410|324/1410|108/469||
NA	887	A	G	464	animal13_5_NS	461	0.047722	G|missense_variant|MODERATE|gene-NA|gene-NA|transcript|gene-NA|protein_coding|1/1|c.887A>G|p.Lys296Arg|887/1410|887/1410|296/469||
NA	1049	A	G	171	animal13_5_NS	424	0.025943	G|missense_variant|MODERATE|gene-NA|gene-NA|transcript|gene-NA|protein_coding|1/1|c.1049A>G|p.Lys350Arg|1049/1410|1049/1410|350/469||
NA	1356	C	T	3076	animal13_5_NS	236	0.449153	T|synonymous_variant|LOW|gene-NA|gene-NA|transcript|gene-NA|protein_coding|1/1|c.1356C>T|p.Thr452Thr|1356/1410|1356/1410|452/469||WARNING_REF_DOES_NOT_MATCH_GENOME
M	216	A	G	201	animal13_5_NS	1931	0.008804	G|synonymous_variant|LOW|gene-M1|gene-M1|transcript|gene-M1|protein_coding|1/1|c.216A>G|p.Arg72Arg|216/759|216/759|72/252||,G|intron_variant|MODIFIER|gene-M2|gene-M2|transcript|rna-M2|protein_coding|1/1|c.26+190A>G||||||,G|intron_variant|MODIFIER|gene-M2|gene-M2|transcript|gene-M2|pseudogene|1/1|n.26+190A>G||||||,G|non_coding_transcript_exon_variant|MODIFIER|id-M2|id-M2|transcript|id-M2|pseudogene|1/1|n.190A>G||||||
M	444	T	C	84	animal13_5_NS	2680	0.004104	C|synonymous_variant|LOW|gene-M1|gene-M1|transcript|gene-M1|protein_coding|1/1|c.444T>C|p.Cys148Cys|444/759|444/759|148/252||,C|intron_variant|MODIFIER|gene-M2|gene-M2|transcript|rna-M2|protein_coding|1/1|c.27-271T>C||||||,C|intron_variant|MODIFIER|gene-M2|gene-M2|transcript|gene-M2|pseudogene|1/1|n.27-271T>C||||||,C|non_coding_transcript_exon_variant|MODIFIER|id-M2|id-M2|transcript|id-M2|pseudogene|1/1|n.418T>C||||||
M	507	C	T	111	animal13_5_NS	2737	0.004384	T|synonymous_variant|LOW|gene-M1|gene-M1|transcript|gene-M1|protein_coding|1/1|c.507C>T|p.Thr169Thr|507/759|507/759|169/252||,T|intron_variant|MODIFIER|gene-M2|gene-M2|transcript|rna-M2|protein_coding|1/1|c.27-208C>T||||||,T|intron_variant|MODIFIER|gene-M2|gene-M2|transcript|gene-M2|pseudogene|1/1|n.27-208C>T||||||,T|non_coding_transcript_exon_variant|MODIFIER|id-M2|id-M2|transcript|id-M2|pseudogene|1/1|n.481C>T||||||
M	527	A	G	107	animal13_5_NS	2750	0.004364	G|missense_variant|MODERATE|gene-M1|gene-M1|transcript|gene-M1|protein_coding|1/1|c.527A>G|p.Glu176Gly|527/759|527/759|176/252||,G|intron_variant|MODIFIER|gene-M2|gene-M2|transcript|rna-M2|protein_coding|1/1|c.27-188A>G||||||,G|intron_variant|MODIFIER|gene-M2|gene-M2|transcript|gene-M2|pseudogene|1/1|n.27-188A>G||||||,G|non_coding_transcript_exon_variant|MODIFIER|id-M2|id-M2|transcript|id-M2|pseudogene|1/1|n.501A>G||||||
M	546	T	C	98	animal13_5_NS	2690	0.004461	C|synonymous_variant|LOW|gene-M1|gene-M1|transcript|gene-M1|protein_coding|1/1|c.546T>C|p.Ala182Ala|546/759|546/759|182/252||,C|intron_variant|MODIFIER|gene-M2|gene-M2|transcript|rna-M2|protein_coding|1/1|c.27-169T>C||||||,C|intron_variant|MODIFIER|gene-M2|gene-M2|transcript|gene-M2|pseudogene|1/1|n.27-169T>C||||||,C|non_coding_transcript_exon_variant|MODIFIER|id-M2|id-M2|transcript|id-M2|pseudogene|1/1|n.520T>C||||||
M	620	G	A	1735	animal13_5_NS	2347	0.037495	A|missense_variant|MODERATE|gene-M1|gene-M1|transcript|gene-M1|protein_coding|1/1|c.620G>A|p.Ser207Asn|620/759|620/759|207/252||,A|intron_variant|MODIFIER|gene-M2|gene-M2|transcript|rna-M2|protein_coding|1/1|c.27-95G>A||||||,A|intron_variant|MODIFIER|gene-M2|gene-M2|transcript|gene-M2|pseudogene|1/1|n.27-95G>A||||||,A|non_coding_transcript_exon_variant|MODIFIER|id-M2|id-M2|transcript|id-M2|pseudogene|1/1|n.594G>A||||||
M	673	T	C	114	animal13_5_NS	2383	0.005455	C|missense_variant|MODERATE|gene-M1|gene-M1|transcript|gene-M1|protein_coding|1/1|c.673T>C|p.Ser225Pro|673/759|673/759|225/252||,C|intron_variant|MODIFIER|gene-M2|gene-M2|transcript|rna-M2|protein_coding|1/1|c.27-42T>C||||||,C|intron_variant|MODIFIER|gene-M2|gene-M2|transcript|gene-M2|pseudogene|1/1|n.27-42T>C||||||,C|non_coding_transcript_exon_variant|MODIFIER|id-M2|id-M2|transcript|id-M2|pseudogene|1/1|n.647T>C||||||
NP	679	A	T	270	animal13_5_NS	544	0.027574	T|stop_gained|HIGH|gene-NP|gene-NP|transcript|gene-NP|protein_coding|1/1|c.679A>T|p.Lys227*|679/1497|679/1497|227/498||
NS	482	C	T	157	animal13_5_NS	2379	0.006305	T|missense_variant|MODERATE|gene-NS1|gene-NS1|transcript|gene-NS1|protein_coding|1/1|c.482C>T|p.Ser161Leu|482/693|482/693|161/230||,T|intron_variant|MODIFIER|gene-NS2|gene-NS2|transcript|rna-NS2|protein_coding|1/1|c.31-21C>T||||||,T|intron_variant|MODIFIER|gene-NS2|gene-NS2|transcript|gene-NS2|pseudogene|1/1|n.31-21C>T||||||,T|non_coding_transcript_exon_variant|MODIFIER|id-NS2|id-NS2|transcript|id-NS2|pseudogene|1/1|n.452C>T||||||
NS	537	G	A	98	animal13_5_NS	2193	0.005016	A|missense_variant|MODERATE|gene-NS2|gene-NS2|transcript|rna-NS2|protein_coding|2/2|c.65G>A|p.Gly22Glu|65/366|65/366|22/121||,A|synonymous_variant|LOW|gene-NS1|gene-NS1|transcript|gene-NS1|protein_coding|1/1|c.537G>A|p.Gly179Gly|537/693|537/693|179/230||,A|downstream_gene_variant|MODIFIER|id-NS2|id-NS2|transcript|id-NS2|pseudogene||n.*35G>A|||||35|,A|non_coding_transcript_exon_variant|MODIFIER|gene-NS2|gene-NS2|transcript|gene-NS2|pseudogene|2/2|n.65G>A||||||
NS	554	T	C	98	animal13_5_NS	2208	0.004529	C|missense_variant|MODERATE|gene-NS1|gene-NS1|transcript|gene-NS1|protein_coding|1/1|c.554T>C|p.Leu185Pro|554/693|554/693|185/230||,C|synonymous_variant|LOW|gene-NS2|gene-NS2|transcript|rna-NS2|protein_coding|2/2|c.82T>C|p.Leu28Leu|82/366|82/366|28/121||,C|downstream_gene_variant|MODIFIER|id-NS2|id-NS2|transcript|id-NS2|pseudogene||n.*52T>C|||||52|,C|non_coding_transcript_exon_variant|MODIFIER|gene-NS2|gene-NS2|transcript|gene-NS2|pseudogene|2/2|n.82T>C||||||
NS	799	G	A	3076	animal13_5_NS	832	0.1875	A|synonymous_variant|LOW|gene-NS2|gene-NS2|transcript|rna-NS2|protein_coding|2/2|c.327G>A|p.Val109Val|327/366|327/366|109/121||,A|downstream_gene_variant|MODIFIER|gene-NS1|gene-NS1|transcript|gene-NS1|protein_coding||c.*106G>A|||||106|,A|downstream_gene_variant|MODIFIER|id-NS2|id-NS2|transcript|id-NS2|pseudogene||n.*297G>A|||||297|,A|non_coding_transcript_exon_variant|MODIFIER|gene-NS2|gene-NS2|transcript|gene-NS2|pseudogene|2/2|n.327G>A||||||
PA	1478	A	C	239	animal13_5_NS	172	0.063953	C|missense_variant|MODERATE|gene-PA|gene-PA|transcript|gene-PA|protein_coding|1/1|c.1478A>C|p.Glu493Ala|1478/2151|1478/2151|493/716||,C|downstream_gene_variant|MODIFIER|gene-PA-X|gene-PA-X|transcript|rna-PA-X|protein_coding||c.*718A>C|||||718|,C|downstream_gene_variant|MODIFIER|gene-PA-X|gene-PA-X|transcript|gene-PA-X|pseudogene||n.*718A>C|||||718|
PA	1823	C	T	373	animal13_5_NS	324	0.055556	T|missense_variant|MODERATE|gene-PA|gene-PA|transcript|gene-PA|protein_coding|1/1|c.1823C>T|p.Thr608Ile|1823/2151|1823/2151|608/716||,T|downstream_gene_variant|MODIFIER|gene-PA-X|gene-PA-X|transcript|rna-PA-X|protein_coding||c.*1063C>T|||||1063|,T|downstream_gene_variant|MODIFIER|gene-PA-X|gene-PA-X|transcript|gene-PA-X|pseudogene||n.*1063C>T|||||1063|
PA	2029	G	A	80	animal13_5_NS	1074	0.009311	A|missense_variant|MODERATE|gene-PA|gene-PA|transcript|gene-PA|protein_coding|1/1|c.2029G>A|p.Glu677Lys|2029/2151|2029/2151|677/716||,A|downstream_gene_variant|MODIFIER|gene-PA-X|gene-PA-X|transcript|rna-PA-X|protein_coding||c.*1269G>A|||||1269|,A|downstream_gene_variant|MODIFIER|gene-PA-X|gene-PA-X|transcript|gene-PA-X|pseudogene||n.*1269G>A|||||1269|
PA	2033	C	A	235	animal13_5_NS	1075	0.014884	A|missense_variant|MODERATE|gene-PA|gene-PA|transcript|gene-PA|protein_coding|1/1|c.2033C>A|p.Pro678His|2033/2151|2033/2151|678/716||,A|downstream_gene_variant|MODIFIER|gene-PA-X|gene-PA-X|transcript|rna-PA-X|protein_coding||c.*1273C>A|||||1273|,A|downstream_gene_variant|MODIFIER|gene-PA-X|gene-PA-X|transcript|gene-PA-X|pseudogene||n.*1273C>A|||||1273|
PB1	167	C	T	308	animal13_5_NS	784	0.024235	T|stop_gained|HIGH|gene-PB1-F2|gene-PB1-F2|transcript|gene-PB1-F2|protein_coding|1/1|c.73C>T|p.Gln25*|73/240|73/240|25/79||,T|missense_variant|MODERATE|gene-PB1|gene-PB1|transcript|gene-PB1|protein_coding|1/1|c.167C>T|p.Thr56Ile|167/2274|167/2274|56/757||
PB1	254	C	T	200	animal13_5_NS	233	0.051502	T|stop_gained|HIGH|gene-PB1-F2|gene-PB1-F2|transcript|gene-PB1-F2|protein_coding|1/1|c.160C>T|p.Gln54*|160/240|160/240|54/79||,T|missense_variant|MODERATE|gene-PB1|gene-PB1|transcript|gene-PB1|protein_coding|1/1|c.254C>T|p.Thr85Ile|254/2274|254/2274|85/757||
PB1	2073	G	A	168	animal13_5_NS	852	0.012911	A|synonymous_variant|LOW|gene-PB1|gene-PB1|transcript|gene-PB1|protein_coding|1/1|c.2073G>A|p.Lys691Lys|2073/2274|2073/2274|691/757||,A|downstream_gene_variant|MODIFIER|gene-PB1-F2|gene-PB1-F2|transcript|gene-PB1-F2|protein_coding||c.*1739G>A|||||1739|
PB2	265	G	A	257	animal13_5_NS	488	0.030738	A|missense_variant|MODERATE|gene-PB2|gene-PB2|transcript|gene-PB2|protein_coding|1/1|c.265G>A|p.Val89Met|265/2280|265/2280|89/759||
PB2	1932	A	G	182	animal13_5_NS	613	0.017945	G|synonymous_variant|LOW|gene-PB2|gene-PB2|transcript|gene-PB2|protein_coding|1/1|c.1932A>G|p.Gly644Gly|1932/2280|1932/2280|644/759||
PB2	2265	G	A	1620	animal13_5_NS	495	0.133333	A|synonymous_variant|LOW|gene-PB2|gene-PB2|transcript|gene-PB2|protein_coding|1/1|c.2265G>A|p.Arg755Arg|2265/2280|2265/2280|755/759||WARNING_REF_DOES_NOT_MATCH_GENOME
NA	372	C	T	377	animal14_3_NS	259	0.065637	T|synonymous_variant|LOW|gene-NA|gene-NA|transcript|gene-NA|protein_coding|1/1|c.372C>T|p.Cys124Cys|372/1410|372/1410|124/469||
NA	595	A	G	235	animal14_3_NS	328	0.039634	G|missense_variant|MODERATE|gene-NA|gene-NA|transcript|gene-NA|protein_coding|1/1|c.595A>G|p.Lys199Glu|595/1410|595/1410|199/469||
NA	1067	A	G	188	animal14_3_NS	292	0.034247	G|missense_variant|MODERATE|gene-NA|gene-NA|transcript|gene-NA|protein_coding|1/1|c.1067A>G|p.Asp356Gly|1067/1410|1067/1410|356/469||
NA	1209	G	A	645	animal14_3_NS	210	0.12381	A|synonymous_variant|LOW|gene-NA|gene-NA|transcript|gene-NA|protein_coding|1/1|c.1209G>A|p.Arg403Arg|1209/1410|1209/1410|403/469||
NA	1356	C	T	3076	animal14_3_NS	168	0.684524	T|synonymous_variant|LOW|gene-NA|gene-NA|transcript|gene-NA|protein_coding|1/1|c.1356C>T|p.Thr452Thr|1356/1410|1356/1410|452/469||WARNING_REF_DOES_NOT_MATCH_GENOME
M	584	C	T	535	animal14_3_NS	2406	0.015794	T|missense_variant|MODERATE|gene-M1|gene-M1|transcript|gene-M1|protein_coding|1/1|c.584C>T|p.Ser195Leu|584/759|584/759|195/252||,T|intron_variant|MODIFIER|gene-M2|gene-M2|transcript|rna-M2|protein_coding|1/1|c.27-131C>T||||||,T|intron_variant|MODIFIER|gene-M2|gene-M2|transcript|gene-M2|pseudogene|1/1|n.27-131C>T||||||,T|non_coding_transcript_exon_variant|MODIFIER|id-M2|id-M2|transcript|id-M2|pseudogene|1/1|n.558C>T||||||
M	738	G	A	169	animal14_3_NS	2161	0.006941	A|missense_variant|MODERATE|gene-M2|gene-M2|transcript|rna-M2|protein_coding|2/2|c.50G>A|p.Cys17Tyr|50/294|50/294|17/97||,A|synonymous_variant|LOW|gene-M1|gene-M1|transcript|gene-M1|protein_coding|1/1|c.738G>A|p.Val246Val|738/759|738/759|246/252||,A|downstream_gene_variant|MODIFIER|id-M2|id-M2|transcript|id-M2|pseudogene||n.*24G>A|||||24|,A|non_coding_transcript_exon_variant|MODIFIER|gene-M2|gene-M2|transcript|gene-M2|pseudogene|2/2|n.50G>A||||||
M	848	C	T	100	animal14_3_NS	1837	0.005988	T|missense_variant|MODERATE|gene-M2|gene-M2|transcript|rna-M2|protein_coding|2/2|c.160C>T|p.Arg54Cys|160/294|160/294|54/97||,T|downstream_gene_variant|MODIFIER|gene-M1|gene-M1|transcript|gene-M1|protein_coding||c.*89C>T|||||89|,T|downstream_gene_variant|MODIFIER|id-M2|id-M2|transcript|id-M2|pseudogene||n.*134C>T|||||134|,T|non_coding_transcript_exon_variant|MODIFIER|gene-M2|gene-M2|transcript|gene-M2|pseudogene|2/2|n.160C>T||||||
NP	66	T	C	1635	animal14_3_NS	341	0.695015	C|synonymous_variant|LOW|gene-NP|gene-NP|transcript|gene-NP|protein_coding|1/1|c.66T>C|p.Ala22Ala|66/1497|66/1497|22/498||
NP	1053	A	G	284	animal14_3_NS	386	0.03886	G|synonymous_variant|LOW|gene-NP|gene-NP|transcript|gene-NP|protein_coding|1/1|c.1053A>G|p.Lys351Lys|1053/1497|1053/1497|351/498||
NS	271	A	G	102	animal14_3_NS	2393	0.004597	G|missense_variant|MODERATE|gene-NS1|gene-NS1|transcript|gene-NS1|protein_coding|1/1|c.271A>G|p.Thr91Ala|271/693|271/693|91/230||,G|intron_variant|MODIFIER|gene-NS2|gene-NS2|transcript|rna-NS2|protein_coding|1/1|c.31-232A>G||||||,G|intron_variant|MODIFIER|gene-NS2|gene-NS2|transcript|gene-NS2|pseudogene|1/1|n.31-232A>G||||||,G|non_coding_transcript_exon_variant|MODIFIER|id-NS2|id-NS2|transcript|id-NS2|pseudogene|1/1|n.241A>G||||||
NS	363	G	T	202	animal14_3_NS	1779	0.015177	T|synonymous_variant|LOW|gene-NS1|gene-NS1|transcript|gene-NS1|protein_coding|1/1|c.363G>T|p.His121His|363/693|363/693|121/230||WARNING_REF_DOES_NOT_MATCH_GENOME,T|intron_variant|MODIFIER|gene-NS2|gene-NS2|transcript|rna-NS2|protein_coding|1/1|c.31-140G>T||||||,T|intron_variant|MODIFIER|gene-NS2|gene-NS2|transcript|gene-NS2|pseudogene|1/1|n.31-140G>T||||||,T|non_coding_transcript_exon_variant|MODIFIER|id-NS2|id-NS2|transcript|id-NS2|pseudogene|1/1|n.333G>T||||||WARNING_REF_DOES_NOT_MATCH_GENOME
NS	511	G	A	111	animal14_3_NS	2723	0.00404	A|missense_variant|MODERATE|gene-NS1|gene-NS1|transcript|gene-NS1|protein_coding|1/1|c.511G>A|p.Asp171Asn|511/693|511/693|171/230||,A|synonymous_variant|LOW|gene-NS2|gene-NS2|transcript|rna-NS2|protein_coding|2/2|c.39G>A|p.Leu13Leu|39/366|39/366|13/121||,A|downstream_gene_variant|MODIFIER|id-NS2|id-NS2|transcript|id-NS2|pseudogene||n.*9G>A|||||9|,A|non_coding_transcript_exon_variant|MODIFIER|gene-NS2|gene-NS2|transcript|gene-NS2|pseudogene|2/2|n.39G>A||||||
NS	685	A	G	92	animal14_3_NS	2122	0.005184	G|missense_variant|MODERATE|gene-NS1|gene-NS1|transcript|gene-NS1|protein_coding|1/1|c.685A>G|p.Lys229Glu|685/693|685/693|229/230||,G|synonymous_variant|LOW|gene-NS2|gene-NS2|transcript|rna-NS2|protein_coding|2/2|c.213A>G|p.Gln71Gln|213/366|213/366|71/121||,G|downstream_gene_variant|MODIFIER|id-NS2|id-NS2|transcript|id-NS2|pseudogene||n.*183A>G|||||183|,G|non_coding_transcript_exon_variant|MODIFIER|gene-NS2|gene-NS2|transcript|gene-NS2|pseudogene|2/2|n.213A>G||||||
PA	141	G	A	101	animal14_3_NS	664	0.039157	A|missense_variant|MODERATE|gene-PA-X|gene-PA-X|transcript|rna-PA-X|protein_coding|1/2|c.141G>A|p.Met47Ile|141/759|141/759|47/252||,A|missense_variant|MODERATE|gene-PA|gene-PA|transcript|gene-PA|protein_coding|1/1|c.141G>A|p.Met47Ile|141/2151|141/2151|47/716||,A|non_coding_transcript_exon_variant|MODIFIER|gene-PA-X|gene-PA-X|transcript|gene-PA-X|pseudogene|1/2|n.141G>A||||||
PA	151	T	C	439	animal14_3_NS	636	0.037736	C|missense_variant|MODERATE|gene-PA-X|gene-PA-X|transcript|rna-PA-X|protein_coding|1/2|c.151T>C|p.Phe51Leu|151/759|151/759|51/252||,C|missense_variant|MODERATE|gene-PA|gene-PA|transcript|gene-PA|protein_coding|1/1|c.151T>C|p.Phe51Leu|151/2151|151/2151|51/716||,C|non_coding_transcript_exon_variant|MODIFIER|gene-PA-X|gene-PA-X|transcript|gene-PA-X|pseudogene|1/2|n.151T>C||||||
PB2	213	C	T	294	animal14_3_NS	376	0.039894	T|synonymous_variant|LOW|gene-PB2|gene-PB2|transcript|gene-PB2|protein_coding|1/1|c.213C>T|p.Asn71Asn|213/2280|213/2280|71/759||WARNING_REF_DOES_NOT_MATCH_GENOME
PB2	2265	G	A	241	animal14_3_NS	351	0.037037	A|synonymous_variant|LOW|gene-PB2|gene-PB2|transcript|gene-PB2|protein_coding|1/1|c.2265G>A|p.Arg755Arg|2265/2280|2265/2280|755/759||WARNING_REF_DOES_NOT_MATCH_GENOME
HA	460	T	C	382	animal14_4_NS	290	0.068966	C|missense_variant|MODERATE|gene-HA|gene-HA|transcript|gene-HA|protein_coding|1/1|c.460T>C|p.Ser154Pro|460/1701|460/1701|154/566||
HA	873	G	A	3125	animal14_4_NS	413	0.268765	A|synonymous_variant|LOW|gene-HA|gene-HA|transcript|gene-HA|protein_coding|1/1|c.873G>A|p.Glu291Glu|873/1701|873/1701|291/566||
NA	887	A	G	200	animal14_4_NS	305	0.036066	G|missense_variant|MODERATE|gene-NA|gene-NA|transcript|gene-NA|protein_coding|1/1|c.887A>G|p.Lys296Arg|887/1410|887/1410|296/469||
NA	1209	G	A	780	animal14_4_NS	298	0.107383	A|synonymous_variant|LOW|gene-NA|gene-NA|transcript|gene-NA|protein_coding|1/1|c.1209G>A|p.Arg403Arg|1209/1410|1209/1410|403/469||
NA	1356	C	T	3076	animal14_4_NS	221	0.742081	T|synonymous_variant|LOW|gene-NA|gene-NA|transcript|gene-NA|protein_coding|1/1|c.1356C>T|p.Thr452Thr|1356/1410|1356/1410|452/469||WARNING_REF_DOES_NOT_MATCH_GENOME
M	896	G	A	214	animal14_4_NS	1471	0.010197	A|missense_variant|MODERATE|gene-M2|gene-M2|transcript|rna-M2|protein_coding|2/2|c.208G>A|p.Glu70Lys|208/294|208/294|70/97||,A|downstream_gene_variant|MODIFIER|gene-M1|gene-M1|transcript|gene-M1|protein_coding||c.*137G>A|||||137|,A|downstream_gene_variant|MODIFIER|id-M2|id-M2|transcript|id-M2|pseudogene||n.*182G>A|||||182|,A|non_coding_transcript_exon_variant|MODIFIER|gene-M2|gene-M2|transcript|gene-M2|pseudogene|2/2|n.208G>A||||||
NP	516	C	A	364	animal14_4_NS	602	0.033223	A|synonymous_variant|LOW|gene-NP|gene-NP|transcript|gene-NP|protein_coding|1/1|c.516C>A|p.Leu172Leu|516/1497|516/1497|172/498||
NS	363	G	T	3076	animal14_4_NS	1680	0.302976	T|synonymous_variant|LOW|gene-NS1|gene-NS1|transcript|gene-NS1|protein_coding|1/1|c.363G>T|p.His121His|363/693|363/693|121/230||WARNING_REF_DOES_NOT_MATCH_GENOME,T|intron_variant|MODIFIER|gene-NS2|gene-NS2|transcript|rna-NS2|protein_coding|1/1|c.31-140G>T||||||,T|intron_variant|MODIFIER|gene-NS2|gene-NS2|transcript|gene-NS2|pseudogene|1/1|n.31-140G>T||||||,T|non_coding_transcript_exon_variant|MODIFIER|id-NS2|id-NS2|transcript|id-NS2|pseudogene|1/1|n.333G>T||||||WARNING_REF_DOES_NOT_MATCH_GENOME
PA	861	C	T	1455	animal14_4_NS	144	0.347222	T|synonymous_variant|LOW|gene-PA|gene-PA|transcript|gene-PA|protein_coding|1/1|c.861C>T|p.Ala287Ala|861/2151|861/2151|287/716||,T|downstream_gene_variant|MODIFIER|gene-PA-X|gene-PA-X|transcript|rna-PA-X|protein_coding||c.*101C>T|||||101|,T|downstream_gene_variant|MODIFIER|gene-PA-X|gene-PA-X|transcript|gene-PA-X|pseudogene||n.*101C>T|||||101|
PB1	2206	A	G	488	animal14_4_NS	805	0.032298	G|missense_variant|MODERATE|gene-PB1|gene-PB1|transcript|gene-PB1|protein_coding|1/1|c.2206A>G|p.Lys736Glu|2206/2274|2206/2274|736/757||,G|downstream_gene_variant|MODIFIER|gene-PB1-F2|gene-PB1-F2|transcript|gene-PB1-F2|protein_coding||c.*1872A>G|||||1872|
PB2	843	G	A	3076	animal14_4_NS	542	0.265683	A|synonymous_variant|LOW|gene-PB2|gene-PB2|transcript|gene-PB2|protein_coding|1/1|c.843G>A|p.Leu281Leu|843/2280|843/2280|281/759||WARNING_REF_DOES_NOT_MATCH_GENOME
NA	1356	C	T	1612	animal15_3_NS	145	0.37931	T|synonymous_variant|LOW|gene-NA|gene-NA|transcript|gene-NA|protein_coding|1/1|c.1356C>T|p.Thr452Thr|1356/1410|1356/1410|452/469||WARNING_REF_DOES_NOT_MATCH_GENOME
M	540	A	G	142	animal15_3_NS	1119	0.012511	G|synonymous_variant|LOW|gene-M1|gene-M1|transcript|gene-M1|protein_coding|1/1|c.540A>G|p.Val180Val|540/759|540/759|180/252||,G|intron_variant|MODIFIER|gene-M2|gene-M2|transcript|rna-M2|protein_coding|1/1|c.27-175A>G||||||,G|intron_variant|MODIFIER|gene-M2|gene-M2|transcript|gene-M2|pseudogene|1/1|n.27-175A>G||||||,G|non_coding_transcript_exon_variant|MODIFIER|id-M2|id-M2|transcript|id-M2|pseudogene|1/1|n.514A>G||||||
M	835	A	G	113	animal15_3_NS	688	0.014535	G|synonymous_variant|LOW|gene-M2|gene-M2|transcript|rna-M2|protein_coding|2/2|c.147A>G|p.Lys49Lys|147/294|147/294|49/97||,G|downstream_gene_variant|MODIFIER|gene-M1|gene-M1|transcript|gene-M1|protein_coding||c.*76A>G|||||76|,G|downstream_gene_variant|MODIFIER|id-M2|id-M2|transcript|id-M2|pseudogene||n.*121A>G|||||121|,G|non_coding_transcript_exon_variant|MODIFIER|gene-M2|gene-M2|transcript|gene-M2|pseudogene|2/2|n.147A>G||||||
NS	279	G	A	306	animal15_3_NS	841	0.026159	A|missense_variant|MODERATE|gene-NS1|gene-NS1|transcript|gene-NS1|protein_coding|1/1|c.279G>A|p.Met93Ile|279/693|279/693|93/230||,A|intron_variant|MODIFIER|gene-NS2|gene-NS2|transcript|rna-NS2|protein_coding|1/1|c.31-224G>A||||||,A|intron_variant|MODIFIER|gene-NS2|gene-NS2|transcript|gene-NS2|pseudogene|1/1|n.31-224G>A||||||,A|non_coding_transcript_exon_variant|MODIFIER|id-NS2|id-NS2|transcript|id-NS2|pseudogene|1/1|n.249G>A||||||
NS	300	G	A	160	animal15_3_NS	900	0.014444	A|synonymous_variant|LOW|gene-NS1|gene-NS1|transcript|gene-NS1|protein_coding|1/1|c.300G>A|p.Arg100Arg|300/693|300/693|100/230||,A|intron_variant|MODIFIER|gene-NS2|gene-NS2|transcript|rna-NS2|protein_coding|1/1|c.31-203G>A||||||,A|intron_variant|MODIFIER|gene-NS2|gene-NS2|transcript|gene-NS2|pseudogene|1/1|n.31-203G>A||||||,A|non_coding_transcript_exon_variant|MODIFIER|id-NS2|id-NS2|transcript|id-NS2|pseudogene|1/1|n.270G>A||||||
M	396	C	T	147	animal15_5_NS	623	0.017657	T|synonymous_variant|LOW|gene-M1|gene-M1|transcript|gene-M1|protein_coding|1/1|c.396C>T|p.Tyr132Tyr|396/759|396/759|132/252||,T|intron_variant|MODIFIER|gene-M2|gene-M2|transcript|rna-M2|protein_coding|1/1|c.27-319C>T||||||,T|intron_variant|MODIFIER|gene-M2|gene-M2|transcript|gene-M2|pseudogene|1/1|n.27-319C>T||||||,T|non_coding_transcript_exon_variant|MODIFIER|id-M2|id-M2|transcript|id-M2|pseudogene|1/1|n.370C>T||||||
M	685	C	T	199	animal15_5_NS	514	0.027237	T|synonymous_variant|LOW|gene-M1|gene-M1|transcript|gene-M1|protein_coding|1/1|c.685C>T|p.Leu229Leu|685/759|685/759|229/252||,T|intron_variant|MODIFIER|gene-M2|gene-M2|transcript|rna-M2|protein_coding|1/1|c.27-30C>T||||||,T|intron_variant|MODIFIER|gene-M2|gene-M2|transcript|gene-M2|pseudogene|1/1|n.27-30C>T||||||,T|non_coding_transcript_exon_variant|MODIFIER|id-M2|id-M2|transcript|id-M2|pseudogene|1/1|n.659C>T||||||
NS	300	G	A	423	animal15_5_NS	633	0.044234	A|synonymous_variant|LOW|gene-NS1|gene-NS1|transcript|gene-NS1|protein_coding|1/1|c.300G>A|p.Arg100Arg|300/693|300/693|100/230||,A|intron_variant|MODIFIER|gene-NS2|gene-NS2|transcript|rna-NS2|protein_coding|1/1|c.31-203G>A||||||,A|intron_variant|MODIFIER|gene-NS2|gene-NS2|transcript|gene-NS2|pseudogene|1/1|n.31-203G>A||||||,A|non_coding_transcript_exon_variant|MODIFIER|id-NS2|id-NS2|transcript|id-NS2|pseudogene|1/1|n.270G>A||||||
NS	535	G	A	293	animal15_5_NS	593	0.028668	A|missense_variant|MODERATE|gene-NS1|gene-NS1|transcript|gene-NS1|protein_coding|1/1|c.535G>A|p.Gly179Arg|535/693|535/693|179/230||,A|synonymous_variant|LOW|gene-NS2|gene-NS2|transcript|rna-NS2|protein_coding|2/2|c.63G>A|p.Leu21Leu|63/366|63/366|21/121||,A|downstream_gene_variant|MODIFIER|id-NS2|id-NS2|transcript|id-NS2|pseudogene||n.*33G>A|||||33|,A|non_coding_transcript_exon_variant|MODIFIER|gene-NS2|gene-NS2|transcript|gene-NS2|pseudogene|2/2|n.63G>A||||||
PA	2032	C	T	157	animal15_5_NS	396	0.030303	T|missense_variant|MODERATE|gene-PA|gene-PA|transcript|gene-PA|protein_coding|1/1|c.2032C>T|p.Pro678Ser|2032/2151|2032/2151|678/716||,T|downstream_gene_variant|MODIFIER|gene-PA-X|gene-PA-X|transcript|rna-PA-X|protein_coding||c.*1272C>T|||||1272|,T|downstream_gene_variant|MODIFIER|gene-PA-X|gene-PA-X|transcript|gene-PA-X|pseudogene||n.*1272C>T|||||1272|
HA	613	C	T	239	animal16_3_NS	459	0.028322	T|stop_gained|HIGH|gene-HA|gene-HA|transcript|gene-HA|protein_coding|1/1|c.613C>T|p.Gln205*|613/1701|613/1701|205/566||
HA	1119	A	G	417	animal16_3_NS	448	0.046875	G|synonymous_variant|LOW|gene-HA|gene-HA|transcript|gene-HA|protein_coding|1/1|c.1119A>G|p.Glu373Glu|1119/1701|1119/1701|373/566||
HA	1396	G	A	841	animal16_3_NS	364	0.101648	A|missense_variant|MODERATE|gene-HA|gene-HA|transcript|gene-HA|protein_coding|1/1|c.1396G>A|p.Val466Ile|1396/1701|1396/1701|466/566||
NA	235	C	T	381	animal16_3_NS	362	0.052486	T|missense_variant|MODERATE|gene-NA|gene-NA|transcript|gene-NA|protein_coding|1/1|c.235C>T|p.Pro79Ser|235/1410|235/1410|79/469||
NA	862	A	C	459	animal16_3_NS	556	0.044964	C|synonymous_variant|LOW|gene-NA|gene-NA|transcript|gene-NA|protein_coding|1/1|c.862A>C|p.Arg288Arg|862/1410|862/1410|288/469||
NA	1356	C	T	1144	animal16_3_NS	282	0.173759	T|synonymous_variant|LOW|gene-NA|gene-NA|transcript|gene-NA|protein_coding|1/1|c.1356C>T|p.Thr452Thr|1356/1410|1356/1410|452/469||WARNING_REF_DOES_NOT_MATCH_GENOME
M	168	T	A	138	animal16_3_NS	2392	0.005017	A|synonymous_variant|LOW|gene-M1|gene-M1|transcript|gene-M1|protein_coding|1/1|c.168T>A|p.Thr56Thr|168/759|168/759|56/252||,A|intron_variant|MODIFIER|gene-M2|gene-M2|transcript|rna-M2|protein_coding|1/1|c.26+142T>A||||||,A|intron_variant|MODIFIER|gene-M2|gene-M2|transcript|gene-M2|pseudogene|1/1|n.26+142T>A||||||,A|non_coding_transcript_exon_variant|MODIFIER|id-M2|id-M2|transcript|id-M2|pseudogene|1/1|n.142T>A||||||
M	417	C	T	160	animal16_3_NS	3414	0.004687	T|synonymous_variant|LOW|gene-M1|gene-M1|transcript|gene-M1|protein_coding|1/1|c.417C>T|p.Thr139Thr|417/759|417/759|139/252||,T|intron_variant|MODIFIER|gene-M2|gene-M2|transcript|rna-M2|protein_coding|1/1|c.27-298C>T||||||,T|intron_variant|MODIFIER|gene-M2|gene-M2|transcript|gene-M2|pseudogene|1/1|n.27-298C>T||||||,T|non_coding_transcript_exon_variant|MODIFIER|id-M2|id-M2|transcript|id-M2|pseudogene|1/1|n.391C>T||||||
M	426	T	A	128	animal16_3_NS	3338	0.004494	A|synonymous_variant|LOW|gene-M1|gene-M1|transcript|gene-M1|protein_coding|1/1|c.426T>A|p.Ala142Ala|426/759|426/759|142/252||,A|intron_variant|MODIFIER|gene-M2|gene-M2|transcript|rna-M2|protein_coding|1/1|c.27-289T>A||||||,A|intron_variant|MODIFIER|gene-M2|gene-M2|transcript|gene-M2|pseudogene|1/1|n.27-289T>A||||||,A|non_coding_transcript_exon_variant|MODIFIER|id-M2|id-M2|transcript|id-M2|pseudogene|1/1|n.400T>A||||||
M	488	G	A	1334	animal16_3_NS	3507	0.022526	A|missense_variant|MODERATE|gene-M1|gene-M1|transcript|gene-M1|protein_coding|1/1|c.488G>A|p.Arg163Lys|488/759|488/759|163/252||,A|intron_variant|MODIFIER|gene-M2|gene-M2|transcript|rna-M2|protein_coding|1/1|c.27-227G>A||||||,A|intron_variant|MODIFIER|gene-M2|gene-M2|transcript|gene-M2|pseudogene|1/1|n.27-227G>A||||||,A|non_coding_transcript_exon_variant|MODIFIER|id-M2|id-M2|transcript|id-M2|pseudogene|1/1|n.462G>A||||||
M	750	G	A	136	animal16_3_NS	2545	0.005108	A|missense_variant|MODERATE|gene-M2|gene-M2|transcript|rna-M2|protein_coding|2/2|c.62G>A|p.Gly21Asp|62/294|62/294|21/97||,A|synonymous_variant|LOW|gene-M1|gene-M1|transcript|gene-M1|protein_coding|1/1|c.750G>A|p.Arg250Arg|750/759|750/759|250/252||,A|downstream_gene_variant|MODIFIER|id-M2|id-M2|transcript|id-M2|pseudogene||n.*36G>A|||||36|,A|non_coding_transcript_exon_variant|MODIFIER|gene-M2|gene-M2|transcript|gene-M2|pseudogene|2/2|n.62G>A||||||
M	759	A	G	113	animal16_3_NS	2498	0.004404	G|stop_lost&splice_region_variant|HIGH|gene-M1|gene-M1|transcript|gene-M1|protein_coding|1/1|c.759A>G|p.Ter253Trpext*?|759/759|759/759|253/252||,G|missense_variant|MODERATE|gene-M2|gene-M2|transcript|rna-M2|protein_coding|2/2|c.71A>G|p.Asp24Gly|71/294|71/294|24/97||,G|downstream_gene_variant|MODIFIER|id-M2|id-M2|transcript|id-M2|pseudogene||n.*45A>G|||||45|,G|non_coding_transcript_exon_variant|MODIFIER|gene-M2|gene-M2|transcript|gene-M2|pseudogene|2/2|n.71A>G||||||
M	933	G	A	370	animal16_3_NS	1573	0.015893	A|missense_variant|MODERATE|gene-M2|gene-M2|transcript|rna-M2|protein_coding|2/2|c.245G>A|p.Ser82Asn|245/294|245/294|82/97||,A|downstream_gene_variant|MODIFIER|gene-M1|gene-M1|transcript|gene-M1|protein_coding||c.*174G>A|||||174|,A|downstream_gene_variant|MODIFIER|id-M2|id-M2|transcript|id-M2|pseudogene||n.*219G>A|||||219|,A|non_coding_transcript_exon_variant|MODIFIER|gene-M2|gene-M2|transcript|gene-M2|pseudogene|2/2|n.245G>A||||||
NS	145	A	G	260	animal16_3_NS	2951	0.007455	G|missense_variant|MODERATE|gene-NS1|gene-NS1|transcript|gene-NS1|protein_coding|1/1|c.145A>G|p.Thr49Ala|145/693|145/693|49/230||,G|intron_variant|MODIFIER|gene-NS2|gene-NS2|transcript|rna-NS2|protein_coding|1/1|c.30+115A>G||||||,G|intron_variant|MODIFIER|gene-NS2|gene-NS2|transcript|gene-NS2|pseudogene|1/1|n.30+115A>G||||||,G|non_coding_transcript_exon_variant|MODIFIER|id-NS2|id-NS2|transcript|id-NS2|pseudogene|1/1|n.115A>G||||||
NS	216	A	G	3076	animal16_3_NS	3060	0.056209	G|synonymous_variant|LOW|gene-NS1|gene-NS1|transcript|gene-NS1|protein_coding|1/1|c.216A>G|p.Glu72Glu|216/693|216/693|72/230||,G|intron_variant|MODIFIER|gene-NS2|gene-NS2|transcript|rna-NS2|protein_coding|1/1|c.30+186A>G||||||,G|intron_variant|MODIFIER|gene-NS2|gene-NS2|transcript|gene-NS2|pseudogene|1/1|n.30+186A>G||||||,G|non_coding_transcript_exon_variant|MODIFIER|id-NS2|id-NS2|transcript|id-NS2|pseudogene|1/1|n.186A>G||||||
NS	274	G	A	551	animal16_3_NS	3527	0.011341	A|missense_variant|MODERATE|gene-NS1|gene-NS1|transcript|gene-NS1|protein_coding|1/1|c.274G>A|p.Asp92Asn|274/693|274/693|92/230||,A|intron_variant|MODIFIER|gene-NS2|gene-NS2|transcript|rna-NS2|protein_coding|1/1|c.31-229G>A||||||,A|intron_variant|MODIFIER|gene-NS2|gene-NS2|transcript|gene-NS2|pseudogene|1/1|n.31-229G>A||||||,A|non_coding_transcript_exon_variant|MODIFIER|id-NS2|id-NS2|transcript|id-NS2|pseudogene|1/1|n.244G>A||||||
NS	275	A	G	362	animal16_3_NS	3468	0.008362	G|missense_variant|MODERATE|gene-NS1|gene-NS1|transcript|gene-NS1|protein_coding|1/1|c.275A>G|p.Asp92Gly|275/693|275/693|92/230||,G|intron_variant|MODIFIER|gene-NS2|gene-NS2|transcript|rna-NS2|protein_coding|1/1|c.31-228A>G||||||,G|intron_variant|MODIFIER|gene-NS2|gene-NS2|transcript|gene-NS2|pseudogene|1/1|n.31-228A>G||||||,G|non_coding_transcript_exon_variant|MODIFIER|id-NS2|id-NS2|transcript|id-NS2|pseudogene|1/1|n.245A>G||||||
NS	300	G	A	416	animal16_3_NS	3709	0.009437	A|synonymous_variant|LOW|gene-NS1|gene-NS1|transcript|gene-NS1|protein_coding|1/1|c.300G>A|p.Arg100Arg|300/693|300/693|100/230||,A|intron_variant|MODIFIER|gene-NS2|gene-NS2|transcript|rna-NS2|protein_coding|1/1|c.31-203G>A||||||,A|intron_variant|MODIFIER|gene-NS2|gene-NS2|transcript|gene-NS2|pseudogene|1/1|n.31-203G>A||||||,A|non_coding_transcript_exon_variant|MODIFIER|id-NS2|id-NS2|transcript|id-NS2|pseudogene|1/1|n.270G>A||||||
NS	335	C	T	898	animal16_3_NS	3442	0.016851	T|missense_variant|MODERATE|gene-NS1|gene-NS1|transcript|gene-NS1|protein_coding|1/1|c.335C>T|p.Ala112Val|335/693|335/693|112/230||,T|intron_variant|MODIFIER|gene-NS2|gene-NS2|transcript|rna-NS2|protein_coding|1/1|c.31-168C>T||||||,T|intron_variant|MODIFIER|gene-NS2|gene-NS2|transcript|gene-NS2|pseudogene|1/1|n.31-168C>T||||||,T|non_coding_transcript_exon_variant|MODIFIER|id-NS2|id-NS2|transcript|id-NS2|pseudogene|1/1|n.305C>T||||||
NS	395	C	A	595	animal16_3_NS	2694	0.015961	A|missense_variant|MODERATE|gene-NS1|gene-NS1|transcript|gene-NS1|protein_coding|1/1|c.395C>A|p.Ala132Glu|395/693|395/693|132/230||,A|intron_variant|MODIFIER|gene-NS2|gene-NS2|transcript|rna-NS2|protein_coding|1/1|c.31-108C>A||||||,A|intron_variant|MODIFIER|gene-NS2|gene-NS2|transcript|gene-NS2|pseudogene|1/1|n.31-108C>A||||||,A|non_coding_transcript_exon_variant|MODIFIER|id-NS2|id-NS2|transcript|id-NS2|pseudogene|1/1|n.365C>A||||||
NS	435	A	G	2147	animal16_3_NS	3290	0.036474	G|missense_variant|MODERATE|gene-NS1|gene-NS1|transcript|gene-NS1|protein_coding|1/1|c.435A>G|p.Ile145Met|435/693|435/693|145/230||,G|intron_variant|MODIFIER|gene-NS2|gene-NS2|transcript|rna-NS2|protein_coding|1/1|c.31-68A>G||||||,G|intron_variant|MODIFIER|gene-NS2|gene-NS2|transcript|gene-NS2|pseudogene|1/1|n.31-68A>G||||||,G|non_coding_transcript_exon_variant|MODIFIER|id-NS2|id-NS2|transcript|id-NS2|pseudogene|1/1|n.405A>G||||||
NS	484	C	T	475	animal16_3_NS	3778	0.009529	T|missense_variant|MODERATE|gene-NS1|gene-NS1|transcript|gene-NS1|protein_coding|1/1|c.484C>T|p.Pro162Ser|484/693|484/693|162/230||,T|intron_variant|MODIFIER|gene-NS2|gene-NS2|transcript|rna-NS2|protein_coding|1/1|c.31-19C>T||||||,T|intron_variant|MODIFIER|gene-NS2|gene-NS2|transcript|gene-NS2|pseudogene|1/1|n.31-19C>T||||||,T|non_coding_transcript_exon_variant|MODIFIER|id-NS2|id-NS2|transcript|id-NS2|pseudogene|1/1|n.454C>T||||||
NS	487	T	C	106	animal16_3_NS	3794	0.003163	C|synonymous_variant|LOW|gene-NS1|gene-NS1|transcript|gene-NS1|protein_coding|1/1|c.487T>C|p.Leu163Leu|487/693|487/693|163/230||,C|intron_variant|MODIFIER|gene-NS2|gene-NS2|transcript|rna-NS2|protein_coding|1/1|c.31-16T>C||||||,C|intron_variant|MODIFIER|gene-NS2|gene-NS2|transcript|gene-NS2|pseudogene|1/1|n.31-16T>C||||||,C|non_coding_transcript_exon_variant|MODIFIER|id-NS2|id-NS2|transcript|id-NS2|pseudogene|1/1|n.457T>C||||||
NS	513	T	G	259	animal16_3_NS	3675	0.006531	G|missense_variant|MODERATE|gene-NS1|gene-NS1|transcript|gene-NS1|protein_coding|1/1|c.513T>G|p.Asp171Glu|513/693|513/693|171/230||,G|missense_variant|MODERATE|gene-NS2|gene-NS2|transcript|rna-NS2|protein_coding|2/2|c.41T>G|p.Met14Arg|41/366|41/366|14/121||,G|downstream_gene_variant|MODIFIER|id-NS2|id-NS2|transcript|id-NS2|pseudogene||n.*11T>G|||||11|,G|non_coding_transcript_exon_variant|MODIFIER|gene-NS2|gene-NS2|transcript|gene-NS2|pseudogene|2/2|n.41T>G||||||
NS	549	A	G	236	animal16_3_NS	3278	0.006711	G|missense_variant|MODERATE|gene-NS2|gene-NS2|transcript|rna-NS2|protein_coding|2/2|c.77A>G|p.Lys26Arg|77/366|77/366|26/121||,G|synonymous_variant|LOW|gene-NS1|gene-NS1|transcript|gene-NS1|protein_coding|1/1|c.549A>G|p.Lys183Lys|549/693|549/693|183/230||,G|downstream_gene_variant|MODIFIER|id-NS2|id-NS2|transcript|id-NS2|pseudogene||n.*47A>G|||||47|,G|non_coding_transcript_exon_variant|MODIFIER|gene-NS2|gene-NS2|transcript|gene-NS2|pseudogene|2/2|n.77A>G||||||
NS	561	G	A	188	animal16_3_NS	3186	0.005336	A|stop_gained|HIGH|gene-NS1|gene-NS1|transcript|gene-NS1|protein_coding|1/1|c.561G>A|p.Trp187*|561/693|561/693|187/230||,A|missense_variant|MODERATE|gene-NS2|gene-NS2|transcript|rna-NS2|protein_coding|2/2|c.89G>A|p.Gly30Glu|89/366|89/366|30/121||,A|downstream_gene_variant|MODIFIER|id-NS2|id-NS2|transcript|id-NS2|pseudogene||n.*59G>A|||||59|,A|non_coding_transcript_exon_variant|MODIFIER|gene-NS2|gene-NS2|transcript|gene-NS2|pseudogene|2/2|n.89G>A||||||
NS	687	A	G	116	animal16_3_NS	2974	0.004707	G|missense_variant|MODERATE|gene-NS2|gene-NS2|transcript|rna-NS2|protein_coding|2/2|c.215A>G|p.Lys72Arg|215/366|215/366|72/121||,G|synonymous_variant|LOW|gene-NS1|gene-NS1|transcript|gene-NS1|protein_coding|1/1|c.687A>G|p.Lys229Lys|687/693|687/693|229/230||,G|downstream_gene_variant|MODIFIER|id-NS2|id-NS2|transcript|id-NS2|pseudogene||n.*185A>G|||||185|,G|non_coding_transcript_exon_variant|MODIFIER|gene-NS2|gene-NS2|transcript|gene-NS2|pseudogene|2/2|n.215A>G||||||
NS	712	T	C	654	animal16_3_NS	2811	0.015297	C|synonymous_variant|LOW|gene-NS2|gene-NS2|transcript|rna-NS2|protein_coding|2/2|c.240T>C|p.Ile80Ile|240/366|240/366|80/121||,C|downstream_gene_variant|MODIFIER|gene-NS1|gene-NS1|transcript|gene-NS1|protein_coding||c.*19T>C|||||19|,C|downstream_gene_variant|MODIFIER|id-NS2|id-NS2|transcript|id-NS2|pseudogene||n.*210T>C|||||210|,C|non_coding_transcript_exon_variant|MODIFIER|gene-NS2|gene-NS2|transcript|gene-NS2|pseudogene|2/2|n.240T>C||||||
NS	804	A	G	143	animal16_3_NS	1292	0.008514	G|missense_variant|MODERATE|gene-NS2|gene-NS2|transcript|rna-NS2|protein_coding|2/2|c.332A>G|p.Gln111Arg|332/366|332/366|111/121||,G|downstream_gene_variant|MODIFIER|gene-NS1|gene-NS1|transcript|gene-NS1|protein_coding||c.*111A>G|||||111|,G|downstream_gene_variant|MODIFIER|id-NS2|id-NS2|transcript|id-NS2|pseudogene||n.*302A>G|||||302|,G|non_coding_transcript_exon_variant|MODIFIER|gene-NS2|gene-NS2|transcript|gene-NS2|pseudogene|2/2|n.332A>G||||||
PA	180	G	A	246	animal16_3_NS	271	0.04428	A|synonymous_variant|LOW|gene-PA-X|gene-PA-X|transcript|rna-PA-X|protein_coding|1/2|c.180G>A|p.Ser60Ser|180/759|180/759|60/252||,A|synonymous_variant|LOW|gene-PA|gene-PA|transcript|gene-PA|protein_coding|1/1|c.180G>A|p.Ser60Ser|180/2151|180/2151|60/716||,A|non_coding_transcript_exon_variant|MODIFIER|gene-PA-X|gene-PA-X|transcript|gene-PA-X|pseudogene|1/2|n.180G>A||||||
PA	858	C	T	802	animal16_3_NS	125	0.232	T|synonymous_variant|LOW|gene-PA|gene-PA|transcript|gene-PA|protein_coding|1/1|c.858C>T|p.Asp286Asp|858/2151|858/2151|286/716||,T|downstream_gene_variant|MODIFIER|gene-PA-X|gene-PA-X|transcript|rna-PA-X|protein_coding||c.*98C>T|||||98|,T|downstream_gene_variant|MODIFIER|gene-PA-X|gene-PA-X|transcript|gene-PA-X|pseudogene||n.*98C>T|||||98|
PA	1105	G	A	380	animal16_3_NS	141	0.113475	A|missense_variant|MODERATE|gene-PA|gene-PA|transcript|gene-PA|protein_coding|1/1|c.1105G>A|p.Ala369Thr|1105/2151|1105/2151|369/716||,A|downstream_gene_variant|MODIFIER|gene-PA-X|gene-PA-X|transcript|rna-PA-X|protein_coding||c.*345G>A|||||345|,A|downstream_gene_variant|MODIFIER|gene-PA-X|gene-PA-X|transcript|gene-PA-X|pseudogene||n.*345G>A|||||345|
PA	1478	A	C	196	animal16_3_NS	269	0.037175	C|missense_variant|MODERATE|gene-PA|gene-PA|transcript|gene-PA|protein_coding|1/1|c.1478A>C|p.Glu493Ala|1478/2151|1478/2151|493/716||,C|downstream_gene_variant|MODIFIER|gene-PA-X|gene-PA-X|transcript|rna-PA-X|protein_coding||c.*718A>C|||||718|,C|downstream_gene_variant|MODIFIER|gene-PA-X|gene-PA-X|transcript|gene-PA-X|pseudogene||n.*718A>C|||||718|
PA	1524	A	G	338	animal16_3_NS	276	0.057971	G|synonymous_variant|LOW|gene-PA|gene-PA|transcript|gene-PA|protein_coding|1/1|c.1524A>G|p.Arg508Arg|1524/2151|1524/2151|508/716||,G|downstream_gene_variant|MODIFIER|gene-PA-X|gene-PA-X|transcript|rna-PA-X|protein_coding||c.*764A>G|||||764|,G|downstream_gene_variant|MODIFIER|gene-PA-X|gene-PA-X|transcript|gene-PA-X|pseudogene||n.*764A>G|||||764|
PA	1966	G	A	266	animal16_3_NS	1239	0.014528	A|missense_variant|MODERATE|gene-PA|gene-PA|transcript|gene-PA|protein_coding|1/1|c.1966G>A|p.Glu656Lys|1966/2151|1966/2151|656/716||,A|downstream_gene_variant|MODIFIER|gene-PA-X|gene-PA-X|transcript|rna-PA-X|protein_coding||c.*1206G>A|||||1206|,A|downstream_gene_variant|MODIFIER|gene-PA-X|gene-PA-X|transcript|gene-PA-X|pseudogene||n.*1206G>A|||||1206|
PB1	144	A	G	386	animal16_3_NS	432	0.043981	G|missense_variant|MODERATE|gene-PB1-F2|gene-PB1-F2|transcript|gene-PB1-F2|protein_coding|1/1|c.50A>G|p.Asn17Ser|50/240|50/240|17/79||,G|synonymous_variant|LOW|gene-PB1|gene-PB1|transcript|gene-PB1|protein_coding|1/1|c.144A>G|p.Gln48Gln|144/2274|144/2274|48/757||
PB1	188	C	T	891	animal16_3_NS	326	0.113497	T|missense_variant|MODERATE|gene-PB1|gene-PB1|transcript|gene-PB1|protein_coding|1/1|c.188C>T|p.Ala63Val|188/2274|188/2274|63/757||,T|missense_variant|MODERATE|gene-PB1-F2|gene-PB1-F2|transcript|gene-PB1-F2|protein_coding|1/1|c.94C>T|p.His32Tyr|94/240|94/240|32/79||
PB2	204	T	A	194	animal16_3_NS	406	0.034483	A|synonymous_variant|LOW|gene-PB2|gene-PB2|transcript|gene-PB2|protein_coding|1/1|c.204T>A|p.Pro68Pro|204/2280|204/2280|68/759||
PB2	1377	A	G	280	animal16_3_NS	500	0.03	G|synonymous_variant|LOW|gene-PB2|gene-PB2|transcript|gene-PB2|protein_coding|1/1|c.1377A>G|p.Gly459Gly|1377/2280|1377/2280|459/759||
PB2	1918	G	A	799	animal16_3_NS	602	0.061462	A|missense_variant|MODERATE|gene-PB2|gene-PB2|transcript|gene-PB2|protein_coding|1/1|c.1918G>A|p.Val640Ile|1918/2280|1918/2280|640/759||
PB2	2207	A	G	544	animal16_3_NS	642	0.042056	G|missense_variant|MODERATE|gene-PB2|gene-PB2|transcript|gene-PB2|protein_coding|1/1|c.2207A>G|p.Lys736Arg|2207/2280|2207/2280|736/759||
NA	321	G	A	137	animal16_4_NS	521	0.019194	A|synonymous_variant|LOW|gene-NA|gene-NA|transcript|gene-NA|protein_coding|1/1|c.321G>A|p.Arg107Arg|321/1410|321/1410|107/469||
NA	1280	T	C	590	animal16_4_NS	590	0.049153	C|missense_variant|MODERATE|gene-NA|gene-NA|transcript|gene-NA|protein_coding|1/1|c.1280T>C|p.Ile427Thr|1280/1410|1280/1410|427/469||
NA	1356	C	T	3076	animal16_4_NS	375	0.330667	T|synonymous_variant|LOW|gene-NA|gene-NA|transcript|gene-NA|protein_coding|1/1|c.1356C>T|p.Thr452Thr|1356/1410|1356/1410|452/469||WARNING_REF_DOES_NOT_MATCH_GENOME
M	200	C	T	99	animal16_4_NS	3062	0.003919	T|missense_variant|MODERATE|gene-M1|gene-M1|transcript|gene-M1|protein_coding|1/1|c.200C>T|p.Thr67Ile|200/759|200/759|67/252||,T|intron_variant|MODIFIER|gene-M2|gene-M2|transcript|rna-M2|protein_coding|1/1|c.26+174C>T||||||,T|intron_variant|MODIFIER|gene-M2|gene-M2|transcript|gene-M2|pseudogene|1/1|n.26+174C>T||||||,T|non_coding_transcript_exon_variant|MODIFIER|id-M2|id-M2|transcript|id-M2|pseudogene|1/1|n.174C>T||||||
M	349	C	A	88	animal16_4_NS	3758	0.002927	A|missense_variant|MODERATE|gene-M1|gene-M1|transcript|gene-M1|protein_coding|1/1|c.349C>A|p.Leu117Ile|349/759|349/759|117/252||,A|intron_variant|MODIFIER|gene-M2|gene-M2|transcript|rna-M2|protein_coding|1/1|c.26+323C>A||||||,A|intron_variant|MODIFIER|gene-M2|gene-M2|transcript|gene-M2|pseudogene|1/1|n.26+323C>A||||||,A|non_coding_transcript_exon_variant|MODIFIER|id-M2|id-M2|transcript|id-M2|pseudogene|1/1|n.323C>A||||||
M	382	A	G	97	animal16_4_NS	3800	0.003158	G|missense_variant|MODERATE|gene-M1|gene-M1|transcript|gene-M1|protein_coding|1/1|c.382A>G|p.Met128Val|382/759|382/759|128/252||,G|intron_variant|MODIFIER|gene-M2|gene-M2|transcript|rna-M2|protein_coding|1/1|c.27-333A>G||||||,G|intron_variant|MODIFIER|gene-M2|gene-M2|transcript|gene-M2|pseudogene|1/1|n.27-333A>G||||||,G|non_coding_transcript_exon_variant|MODIFIER|id-M2|id-M2|transcript|id-M2|pseudogene|1/1|n.356A>G||||||
M	449	C	T	93	animal16_4_NS	4223	0.002842	T|missense_variant|MODERATE|gene-M1|gene-M1|transcript|gene-M1|protein_coding|1/1|c.449C>T|p.Thr150Ile|449/759|449/759|150/252||,T|intron_variant|MODIFIER|gene-M2|gene-M2|transcript|rna-M2|protein_coding|1/1|c.27-266C>T||||||,T|intron_variant|MODIFIER|gene-M2|gene-M2|transcript|gene-M2|pseudogene|1/1|n.27-266C>T||||||,T|non_coding_transcript_exon_variant|MODIFIER|id-M2|id-M2|transcript|id-M2|pseudogene|1/1|n.423C>T||||||
M	534	A	G	143	animal16_4_NS	4144	0.00362	G|synonymous_variant|LOW|gene-M1|gene-M1|transcript|gene-M1|protein_coding|1/1|c.534A>G|p.Arg178Arg|534/759|534/759|178/252||,G|intron_variant|MODIFIER|gene-M2|gene-M2|transcript|rna-M2|protein_coding|1/1|c.27-181A>G||||||,G|intron_variant|MODIFIER|gene-M2|gene-M2|transcript|gene-M2|pseudogene|1/1|n.27-181A>G||||||,G|non_coding_transcript_exon_variant|MODIFIER|id-M2|id-M2|transcript|id-M2|pseudogene|1/1|n.508A>G||||||
M	695	A	G	60	animal16_4_NS	3380	0.002959	G|missense_variant|MODERATE|gene-M1|gene-M1|transcript|gene-M1|protein_coding|1/1|c.695A>G|p.Asp232Gly|695/759|695/759|232/252||,G|intron_variant|MODIFIER|gene-M2|gene-M2|transcript|rna-M2|protein_coding|1/1|c.27-20A>G||||||,G|intron_variant|MODIFIER|gene-M2|gene-M2|transcript|gene-M2|pseudogene|1/1|n.27-20A>G||||||,G|non_coding_transcript_exon_variant|MODIFIER|id-M2|id-M2|transcript|id-M2|pseudogene|1/1|n.669A>G||||||
M	730	A	G	122	animal16_4_NS	3145	0.005405	G|missense_variant|MODERATE|gene-M1|gene-M1|transcript|gene-M1|protein_coding|1/1|c.730A>G|p.Met244Val|730/759|730/759|244/252||,G|synonymous_variant|LOW|gene-M2|gene-M2|transcript|rna-M2|protein_coding|2/2|c.42A>G|p.Gly14Gly|42/294|42/294|14/97||,G|downstream_gene_variant|MODIFIER|id-M2|id-M2|transcript|id-M2|pseudogene||n.*16A>G|||||16|,G|non_coding_transcript_exon_variant|MODIFIER|gene-M2|gene-M2|transcript|gene-M2|pseudogene|2/2|n.42A>G||||||
M	912	A	G	226	animal16_4_NS	2116	0.008507	G|missense_variant|MODERATE|gene-M2|gene-M2|transcript|rna-M2|protein_coding|2/2|c.224A>G|p.Glu75Gly|224/294|224/294|75/97||,G|downstream_gene_variant|MODIFIER|gene-M1|gene-M1|transcript|gene-M1|protein_coding||c.*153A>G|||||153|,G|downstream_gene_variant|MODIFIER|id-M2|id-M2|transcript|id-M2|pseudogene||n.*198A>G|||||198|,G|non_coding_transcript_exon_variant|MODIFIER|gene-M2|gene-M2|transcript|gene-M2|pseudogene|2/2|n.224A>G||||||
NP	1026	G	A	168	animal16_4_NS	812	0.014778	A|synonymous_variant|LOW|gene-NP|gene-NP|transcript|gene-NP|protein_coding|1/1|c.1026G>A|p.Arg342Arg|1026/1497|1026/1497|342/498||
NP	1362	A	G	387	animal16_4_NS	643	0.03577	G|synonymous_variant|LOW|gene-NP|gene-NP|transcript|gene-NP|protein_coding|1/1|c.1362A>G|p.Glu454Glu|1362/1497|1362/1497|454/498||
NS	152	G	A	318	animal16_4_NS	2993	0.008687	A|missense_variant|MODERATE|gene-NS1|gene-NS1|transcript|gene-NS1|protein_coding|1/1|c.152G>A|p.Gly51Asp|152/693|152/693|51/230||,A|intron_variant|MODIFIER|gene-NS2|gene-NS2|transcript|rna-NS2|protein_coding|1/1|c.30+122G>A||||||,A|intron_variant|MODIFIER|gene-NS2|gene-NS2|transcript|gene-NS2|pseudogene|1/1|n.30+122G>A||||||,A|non_coding_transcript_exon_variant|MODIFIER|id-NS2|id-NS2|transcript|id-NS2|pseudogene|1/1|n.122G>A||||||
NS	183	A	G	91	animal16_4_NS	2873	0.004177	G|synonymous_variant|LOW|gene-NS1|gene-NS1|transcript|gene-NS1|protein_coding|1/1|c.183A>G|p.Gly61Gly|183/693|183/693|61/230||,G|intron_variant|MODIFIER|gene-NS2|gene-NS2|transcript|rna-NS2|protein_coding|1/1|c.30+153A>G||||||,G|intron_variant|MODIFIER|gene-NS2|gene-NS2|transcript|gene-NS2|pseudogene|1/1|n.30+153A>G||||||,G|non_coding_transcript_exon_variant|MODIFIER|id-NS2|id-NS2|transcript|id-NS2|pseudogene|1/1|n.153A>G||||||
NS	216	A	G	2151	animal16_4_NS	3125	0.03712	G|synonymous_variant|LOW|gene-NS1|gene-NS1|transcript|gene-NS1|protein_coding|1/1|c.216A>G|p.Glu72Glu|216/693|216/693|72/230||,G|intron_variant|MODIFIER|gene-NS2|gene-NS2|transcript|rna-NS2|protein_coding|1/1|c.30+186A>G||||||,G|intron_variant|MODIFIER|gene-NS2|gene-NS2|transcript|gene-NS2|pseudogene|1/1|n.30+186A>G||||||,G|non_coding_transcript_exon_variant|MODIFIER|id-NS2|id-NS2|transcript|id-NS2|pseudogene|1/1|n.186A>G||||||
NS	246	T	A	107	animal16_4_NS	3351	0.004178	A|synonymous_variant|LOW|gene-NS1|gene-NS1|transcript|gene-NS1|protein_coding|1/1|c.246T>A|p.Ala82Ala|246/693|246/693|82/230||,A|intron_variant|MODIFIER|gene-NS2|gene-NS2|transcript|rna-NS2|protein_coding|1/1|c.30+216T>A||||||,A|intron_variant|MODIFIER|gene-NS2|gene-NS2|transcript|gene-NS2|pseudogene|1/1|n.30+216T>A||||||,A|non_coding_transcript_exon_variant|MODIFIER|id-NS2|id-NS2|transcript|id-NS2|pseudogene|1/1|n.216T>A||||||
NS	275	A	G	523	animal16_4_NS	3341	0.011374	G|missense_variant|MODERATE|gene-NS1|gene-NS1|transcript|gene-NS1|protein_coding|1/1|c.275A>G|p.Asp92Gly|275/693|275/693|92/230||,G|intron_variant|MODIFIER|gene-NS2|gene-NS2|transcript|rna-NS2|protein_coding|1/1|c.31-228A>G||||||,G|intron_variant|MODIFIER|gene-NS2|gene-NS2|transcript|gene-NS2|pseudogene|1/1|n.31-228A>G||||||,G|non_coding_transcript_exon_variant|MODIFIER|id-NS2|id-NS2|transcript|id-NS2|pseudogene|1/1|n.245A>G||||||
NS	296	C	T	255	animal16_4_NS	3566	0.00645	T|missense_variant|MODERATE|gene-NS1|gene-NS1|transcript|gene-NS1|protein_coding|1/1|c.296C>T|p.Ser99Leu|296/693|296/693|99/230||,T|intron_variant|MODIFIER|gene-NS2|gene-NS2|transcript|rna-NS2|protein_coding|1/1|c.31-207C>T||||||,T|intron_variant|MODIFIER|gene-NS2|gene-NS2|transcript|gene-NS2|pseudogene|1/1|n.31-207C>T||||||,T|non_coding_transcript_exon_variant|MODIFIER|id-NS2|id-NS2|transcript|id-NS2|pseudogene|1/1|n.266C>T||||||
NS	435	A	G	580	animal16_4_NS	3114	0.013809	G|missense_variant|MODERATE|gene-NS1|gene-NS1|transcript|gene-NS1|protein_coding|1/1|c.435A>G|p.Ile145Met|435/693|435/693|145/230||,G|intron_variant|MODIFIER|gene-NS2|gene-NS2|transcript|rna-NS2|protein_coding|1/1|c.31-68A>G||||||,G|intron_variant|MODIFIER|gene-NS2|gene-NS2|transcript|gene-NS2|pseudogene|1/1|n.31-68A>G||||||,G|non_coding_transcript_exon_variant|MODIFIER|id-NS2|id-NS2|transcript|id-NS2|pseudogene|1/1|n.405A>G||||||
NS	447	T	C	127	animal16_4_NS	3120	0.004487	C|synonymous_variant|LOW|gene-NS1|gene-NS1|transcript|gene-NS1|protein_coding|1/1|c.447T>C|p.Ala149Ala|447/693|447/693|149/230||,C|intron_variant|MODIFIER|gene-NS2|gene-NS2|transcript|rna-NS2|protein_coding|1/1|c.31-56T>C||||||,C|intron_variant|MODIFIER|gene-NS2|gene-NS2|transcript|gene-NS2|pseudogene|1/1|n.31-56T>C||||||,C|non_coding_transcript_exon_variant|MODIFIER|id-NS2|id-NS2|transcript|id-NS2|pseudogene|1/1|n.417T>C||||||
NS	505	C	T	77	animal16_4_NS	3509	0.00285	T|missense_variant|MODERATE|gene-NS1|gene-NS1|transcript|gene-NS1|protein_coding|1/1|c.505C>T|p.His169Tyr|505/693|505/693|169/230||,T|splice_region_variant&synonymous_variant|LOW|gene-NS2|gene-NS2|transcript|rna-NS2|protein_coding|2/2|c.33C>T|p.Asp11Asp|33/366|33/366|11/121||,T|splice_region_variant&non_coding_transcript_exon_variant|LOW|gene-NS2|gene-NS2|transcript|gene-NS2|pseudogene|2/2|n.33C>T||||||,T|downstream_gene_variant|MODIFIER|id-NS2|id-NS2|transcript|id-NS2|pseudogene||n.*3C>T|||||3|
NS	513	T	G	551	animal16_4_NS	3475	0.012374	G|missense_variant|MODERATE|gene-NS1|gene-NS1|transcript|gene-NS1|protein_coding|1/1|c.513T>G|p.Asp171Glu|513/693|513/693|171/230||,G|missense_variant|MODERATE|gene-NS2|gene-NS2|transcript|rna-NS2|protein_coding|2/2|c.41T>G|p.Met14Arg|41/366|41/366|14/121||,G|downstream_gene_variant|MODIFIER|id-NS2|id-NS2|transcript|id-NS2|pseudogene||n.*11T>G|||||11|,G|non_coding_transcript_exon_variant|MODIFIER|gene-NS2|gene-NS2|transcript|gene-NS2|pseudogene|2/2|n.41T>G||||||
PA	858	C	T	270	animal16_4_NS	164	0.079268	T|synonymous_variant|LOW|gene-PA|gene-PA|transcript|gene-PA|protein_coding|1/1|c.858C>T|p.Asp286Asp|858/2151|858/2151|286/716||,T|downstream_gene_variant|MODIFIER|gene-PA-X|gene-PA-X|transcript|rna-PA-X|protein_coding||c.*98C>T|||||98|,T|downstream_gene_variant|MODIFIER|gene-PA-X|gene-PA-X|transcript|gene-PA-X|pseudogene||n.*98C>T|||||98|
PA	1891	G	A	144	animal16_4_NS	1019	0.012758	A|missense_variant|MODERATE|gene-PA|gene-PA|transcript|gene-PA|protein_coding|1/1|c.1891G>A|p.Gly631Ser|1891/2151|1891/2151|631/716||,A|downstream_gene_variant|MODIFIER|gene-PA-X|gene-PA-X|transcript|rna-PA-X|protein_coding||c.*1131G>A|||||1131|,A|downstream_gene_variant|MODIFIER|gene-PA-X|gene-PA-X|transcript|gene-PA-X|pseudogene||n.*1131G>A|||||1131|
PA	2010	G	A	129	animal16_4_NS	2831	0.004592	A|synonymous_variant|LOW|gene-PA|gene-PA|transcript|gene-PA|protein_coding|1/1|c.2010G>A|p.Gln670Gln|2010/2151|2010/2151|670/716||,A|downstream_gene_variant|MODIFIER|gene-PA-X|gene-PA-X|transcript|rna-PA-X|protein_coding||c.*1250G>A|||||1250|,A|downstream_gene_variant|MODIFIER|gene-PA-X|gene-PA-X|transcript|gene-PA-X|pseudogene||n.*1250G>A|||||1250|
PA	2016	T	C	202	animal16_4_NS	2922	0.00616	C|synonymous_variant|LOW|gene-PA|gene-PA|transcript|gene-PA|protein_coding|1/1|c.2016T>C|p.Leu672Leu|2016/2151|2016/2151|672/716||,C|downstream_gene_variant|MODIFIER|gene-PA-X|gene-PA-X|transcript|rna-PA-X|protein_coding||c.*1256T>C|||||1256|,C|downstream_gene_variant|MODIFIER|gene-PA-X|gene-PA-X|transcript|gene-PA-X|pseudogene||n.*1256T>C|||||1256|
PA	2091	T	C	88	animal16_4_NS	2479	0.004437	C|synonymous_variant|LOW|gene-PA|gene-PA|transcript|gene-PA|protein_coding|1/1|c.2091T>C|p.Asp697Asp|2091/2151|2091/2151|697/716||,C|downstream_gene_variant|MODIFIER|gene-PA-X|gene-PA-X|transcript|rna-PA-X|protein_coding||c.*1331T>C|||||1331|,C|downstream_gene_variant|MODIFIER|gene-PA-X|gene-PA-X|transcript|gene-PA-X|pseudogene||n.*1331T>C|||||1331|
PA	2100	T	C	95	animal16_4_NS	2300	0.004783	C|synonymous_variant|LOW|gene-PA|gene-PA|transcript|gene-PA|protein_coding|1/1|c.2100T>C|p.Val700Val|2100/2151|2100/2151|700/716||,C|downstream_gene_variant|MODIFIER|gene-PA-X|gene-PA-X|transcript|rna-PA-X|protein_coding||c.*1340T>C|||||1340|,C|downstream_gene_variant|MODIFIER|gene-PA-X|gene-PA-X|transcript|gene-PA-X|pseudogene||n.*1340T>C|||||1340|
PB1	1708	A	T	258	animal16_4_NS	325	0.04	T|missense_variant|MODERATE|gene-PB1|gene-PB1|transcript|gene-PB1|protein_coding|1/1|c.1708A>T|p.Thr570Ser|1708/2274|1708/2274|570/757||,T|downstream_gene_variant|MODIFIER|gene-PB1-F2|gene-PB1-F2|transcript|gene-PB1-F2|protein_coding||c.*1374A>T|||||1374|
PB1	2155	G	A	144	animal16_4_NS	1170	0.009402	A|missense_variant|MODERATE|gene-PB1|gene-PB1|transcript|gene-PB1|protein_coding|1/1|c.2155G>A|p.Val719Ile|2155/2274|2155/2274|719/757||,A|downstream_gene_variant|MODIFIER|gene-PB1-F2|gene-PB1-F2|transcript|gene-PB1-F2|protein_coding||c.*1821G>A|||||1821|
PB1	2165	C	T	183	animal16_4_NS	1047	0.015282	T|missense_variant|MODERATE|gene-PB1|gene-PB1|transcript|gene-PB1|protein_coding|1/1|c.2165C>T|p.Ala722Val|2165/2274|2165/2274|722/757||,T|downstream_gene_variant|MODIFIER|gene-PB1-F2|gene-PB1-F2|transcript|gene-PB1-F2|protein_coding||c.*1831C>T|||||1831|
PB1	2233	A	T	159	animal16_4_NS	915	0.012022	T|stop_gained|HIGH|gene-PB1|gene-PB1|transcript|gene-PB1|protein_coding|1/1|c.2233A>T|p.Lys745*|2233/2274|2233/2274|745/757||,T|downstream_gene_variant|MODIFIER|gene-PB1-F2|gene-PB1-F2|transcript|gene-PB1-F2|protein_coding||c.*1899A>T|||||1899|
PB2	763	G	A	321	animal16_4_NS	655	0.030534	A|missense_variant|MODERATE|gene-PB2|gene-PB2|transcript|gene-PB2|protein_coding|1/1|c.763G>A|p.Val255Ile|763/2280|763/2280|255/759||
PB2	2100	A	C	183	animal16_4_NS	1254	0.012759	C|missense_variant|MODERATE|gene-PB2|gene-PB2|transcript|gene-PB2|protein_coding|1/1|c.2100A>C|p.Glu700Asp|2100/2280|2100/2280|700/759||
PB2	2249	C	T	175	animal16_4_NS	767	0.015645	T|missense_variant|MODERATE|gene-PB2|gene-PB2|transcript|gene-PB2|protein_coding|1/1|c.2249C>T|p.Ala750Val|2249/2280|2249/2280|750/759||
PB2	2265	G	A	665	animal16_4_NS	705	0.049645	A|synonymous_variant|LOW|gene-PB2|gene-PB2|transcript|gene-PB2|protein_coding|1/1|c.2265G>A|p.Arg755Arg|2265/2280|2265/2280|755/759||WARNING_REF_DOES_NOT_MATCH_GENOME
HA	1396	G	A	248	animal16_5_NS	104	0.105769	A|missense_variant|MODERATE|gene-HA|gene-HA|transcript|gene-HA|protein_coding|1/1|c.1396G>A|p.Val466Ile|1396/1701|1396/1701|466/566||
NA	324	T	C	1023	animal16_5_NS	317	0.129338	C|synonymous_variant|LOW|gene-NA|gene-NA|transcript|gene-NA|protein_coding|1/1|c.324T>C|p.Leu108Leu|324/1410|324/1410|108/469||
NA	1356	C	T	1957	animal16_5_NS	139	0.460432	T|synonymous_variant|LOW|gene-NA|gene-NA|transcript|gene-NA|protein_coding|1/1|c.1356C>T|p.Thr452Thr|1356/1410|1356/1410|452/469||WARNING_REF_DOES_NOT_MATCH_GENOME
M	896	G	A	180	animal16_5_NS	1143	0.011374	A|missense_variant|MODERATE|gene-M2|gene-M2|transcript|rna-M2|protein_coding|2/2|c.208G>A|p.Glu70Lys|208/294|208/294|70/97||,A|downstream_gene_variant|MODIFIER|gene-M1|gene-M1|transcript|gene-M1|protein_coding||c.*137G>A|||||137|,A|downstream_gene_variant|MODIFIER|id-M2|id-M2|transcript|id-M2|pseudogene||n.*182G>A|||||182|,A|non_coding_transcript_exon_variant|MODIFIER|gene-M2|gene-M2|transcript|gene-M2|pseudogene|2/2|n.208G>A||||||
M	912	A	G	1884	animal16_5_NS	965	0.08601	G|missense_variant|MODERATE|gene-M2|gene-M2|transcript|rna-M2|protein_coding|2/2|c.224A>G|p.Glu75Gly|224/294|224/294|75/97||,G|downstream_gene_variant|MODIFIER|gene-M1|gene-M1|transcript|gene-M1|protein_coding||c.*153A>G|||||153|,G|downstream_gene_variant|MODIFIER|id-M2|id-M2|transcript|id-M2|pseudogene||n.*198A>G|||||198|,G|non_coding_transcript_exon_variant|MODIFIER|gene-M2|gene-M2|transcript|gene-M2|pseudogene|2/2|n.224A>G||||||
NP	1103	A	G	1094	animal16_5_NS	364	0.120879	G|missense_variant|MODERATE|gene-NP|gene-NP|transcript|gene-NP|protein_coding|1/1|c.1103A>G|p.Asn368Ser|1103/1497|1103/1497|368/498||
NS	216	A	G	491	animal16_5_NS	1319	0.022745	G|synonymous_variant|LOW|gene-NS1|gene-NS1|transcript|gene-NS1|protein_coding|1/1|c.216A>G|p.Glu72Glu|216/693|216/693|72/230||,G|intron_variant|MODIFIER|gene-NS2|gene-NS2|transcript|rna-NS2|protein_coding|1/1|c.30+186A>G||||||,G|intron_variant|MODIFIER|gene-NS2|gene-NS2|transcript|gene-NS2|pseudogene|1/1|n.30+186A>G||||||,G|non_coding_transcript_exon_variant|MODIFIER|id-NS2|id-NS2|transcript|id-NS2|pseudogene|1/1|n.186A>G||||||
NS	399	C	A	151	animal16_5_NS	1034	0.011605	A|missense_variant|MODERATE|gene-NS1|gene-NS1|transcript|gene-NS1|protein_coding|1/1|c.399C>A|p.Asn133Lys|399/693|399/693|133/230||,A|intron_variant|MODIFIER|gene-NS2|gene-NS2|transcript|rna-NS2|protein_coding|1/1|c.31-104C>A||||||,A|intron_variant|MODIFIER|gene-NS2|gene-NS2|transcript|gene-NS2|pseudogene|1/1|n.31-104C>A||||||,A|non_coding_transcript_exon_variant|MODIFIER|id-NS2|id-NS2|transcript|id-NS2|pseudogene|1/1|n.369C>A||||||
PB1	1715	G	A	499	animal16_5_NS	126	0.150794	A|missense_variant|MODERATE|gene-PB1|gene-PB1|transcript|gene-PB1|protein_coding|1/1|c.1715G>A|p.Arg572Lys|1715/2274|1715/2274|572/757||,A|downstream_gene_variant|MODIFIER|gene-PB1-F2|gene-PB1-F2|transcript|gene-PB1-F2|protein_coding||c.*1381G>A|||||1381|
PB1	2155	G	A	232	animal16_5_NS	460	0.028261	A|missense_variant|MODERATE|gene-PB1|gene-PB1|transcript|gene-PB1|protein_coding|1/1|c.2155G>A|p.Val719Ile|2155/2274|2155/2274|719/757||,A|downstream_gene_variant|MODIFIER|gene-PB1-F2|gene-PB1-F2|transcript|gene-PB1-F2|protein_coding||c.*1821G>A|||||1821|
PB2	259	G	A	261	animal16_5_NS	254	0.051181	A|missense_variant|MODERATE|gene-PB2|gene-PB2|transcript|gene-PB2|protein_coding|1/1|c.259G>A|p.Asp87Asn|259/2280|259/2280|87/759||
PB2	348	A	G	267	animal16_5_NS	261	0.049808	G|synonymous_variant|LOW|gene-PB2|gene-PB2|transcript|gene-PB2|protein_coding|1/1|c.348A>G|p.Lys116Lys|348/2280|348/2280|116/759||
HA	303	C	T	446	animal16_9_NS	108	0.166667	T|synonymous_variant|LOW|gene-HA|gene-HA|transcript|gene-HA|protein_coding|1/1|c.303C>T|p.Asn101Asn|303/1701|303/1701|101/566||
HA	922	C	G	1761	animal16_9_NS	150	0.393333	G|missense_variant|MODERATE|gene-HA|gene-HA|transcript|gene-HA|protein_coding|1/1|c.922C>G|p.Pro308Ala|922/1701|922/1701|308/566||
NA	893	C	A	1956	animal16_9_NS	221	0.316742	A|missense_variant|MODERATE|gene-NA|gene-NA|transcript|gene-NA|protein_coding|1/1|c.893C>A|p.Ser298Tyr|893/1410|893/1410|298/469||
M	254	A	G	203	animal16_9_NS	1385	0.01083	G|missense_variant|MODERATE|gene-M1|gene-M1|transcript|gene-M1|protein_coding|1/1|c.254A>G|p.Asn85Ser|254/759|254/759|85/252||,G|intron_variant|MODIFIER|gene-M2|gene-M2|transcript|rna-M2|protein_coding|1/1|c.26+228A>G||||||,G|intron_variant|MODIFIER|gene-M2|gene-M2|transcript|gene-M2|pseudogene|1/1|n.26+228A>G||||||,G|non_coding_transcript_exon_variant|MODIFIER|id-M2|id-M2|transcript|id-M2|pseudogene|1/1|n.228A>G||||||
M	336	C	T	1887	animal16_9_NS	1526	0.060288	T|synonymous_variant|LOW|gene-M1|gene-M1|transcript|gene-M1|protein_coding|1/1|c.336C>T|p.Ala112Ala|336/759|336/759|112/252||,T|intron_variant|MODIFIER|gene-M2|gene-M2|transcript|rna-M2|protein_coding|1/1|c.26+310C>T||||||,T|intron_variant|MODIFIER|gene-M2|gene-M2|transcript|gene-M2|pseudogene|1/1|n.26+310C>T||||||,T|non_coding_transcript_exon_variant|MODIFIER|id-M2|id-M2|transcript|id-M2|pseudogene|1/1|n.310C>T||||||
M	368	C	T	146	animal16_9_NS	1445	0.008304	T|missense_variant|MODERATE|gene-M1|gene-M1|transcript|gene-M1|protein_coding|1/1|c.368C>T|p.Ala123Val|368/759|368/759|123/252||,T|intron_variant|MODIFIER|gene-M2|gene-M2|transcript|rna-M2|protein_coding|1/1|c.26+342C>T||||||,T|intron_variant|MODIFIER|gene-M2|gene-M2|transcript|gene-M2|pseudogene|1/1|n.26+342C>T||||||,T|non_coding_transcript_exon_variant|MODIFIER|id-M2|id-M2|transcript|id-M2|pseudogene|1/1|n.342C>T||||||
M	858	A	G	137	animal16_9_NS	1140	0.011404	G|missense_variant|MODERATE|gene-M2|gene-M2|transcript|rna-M2|protein_coding|2/2|c.170A>G|p.Tyr57Cys|170/294|170/294|57/97||,G|downstream_gene_variant|MODIFIER|gene-M1|gene-M1|transcript|gene-M1|protein_coding||c.*99A>G|||||99|,G|downstream_gene_variant|MODIFIER|id-M2|id-M2|transcript|id-M2|pseudogene||n.*144A>G|||||144|,G|non_coding_transcript_exon_variant|MODIFIER|gene-M2|gene-M2|transcript|gene-M2|pseudogene|2/2|n.170A>G||||||
M	889	A	G	167	animal16_9_NS	1021	0.011753	G|synonymous_variant|LOW|gene-M2|gene-M2|transcript|rna-M2|protein_coding|2/2|c.201A>G|p.Gly67Gly|201/294|201/294|67/97||,G|downstream_gene_variant|MODIFIER|gene-M1|gene-M1|transcript|gene-M1|protein_coding||c.*130A>G|||||130|,G|downstream_gene_variant|MODIFIER|id-M2|id-M2|transcript|id-M2|pseudogene||n.*175A>G|||||175|,G|non_coding_transcript_exon_variant|MODIFIER|gene-M2|gene-M2|transcript|gene-M2|pseudogene|2/2|n.201A>G||||||
M	912	A	G	3076	animal16_9_NS	858	0.168998	G|missense_variant|MODERATE|gene-M2|gene-M2|transcript|rna-M2|protein_coding|2/2|c.224A>G|p.Glu75Gly|224/294|224/294|75/97||,G|downstream_gene_variant|MODIFIER|gene-M1|gene-M1|transcript|gene-M1|protein_coding||c.*153A>G|||||153|,G|downstream_gene_variant|MODIFIER|id-M2|id-M2|transcript|id-M2|pseudogene||n.*198A>G|||||198|,G|non_coding_transcript_exon_variant|MODIFIER|gene-M2|gene-M2|transcript|gene-M2|pseudogene|2/2|n.224A>G||||||
NS	251	T	C	226	animal16_9_NS	1128	0.015071	C|missense_variant|MODERATE|gene-NS1|gene-NS1|transcript|gene-NS1|protein_coding|1/1|c.251T>C|p.Val84Ala|251/693|251/693|84/230||,C|intron_variant|MODIFIER|gene-NS2|gene-NS2|transcript|rna-NS2|protein_coding|1/1|c.30+221T>C||||||,C|intron_variant|MODIFIER|gene-NS2|gene-NS2|transcript|gene-NS2|pseudogene|1/1|n.30+221T>C||||||,C|non_coding_transcript_exon_variant|MODIFIER|id-NS2|id-NS2|transcript|id-NS2|pseudogene|1/1|n.221T>C||||||
NS	713	G	A	1806	animal16_9_NS	1094	0.07404	A|missense_variant|MODERATE|gene-NS2|gene-NS2|transcript|rna-NS2|protein_coding|2/2|c.241G>A|p.Glu81Lys|241/366|241/366|81/121||,A|downstream_gene_variant|MODIFIER|gene-NS1|gene-NS1|transcript|gene-NS1|protein_coding||c.*20G>A|||||20|,A|downstream_gene_variant|MODIFIER|id-NS2|id-NS2|transcript|id-NS2|pseudogene||n.*211G>A|||||211|,A|non_coding_transcript_exon_variant|MODIFIER|gene-NS2|gene-NS2|transcript|gene-NS2|pseudogene|2/2|n.241G>A||||||
PB2	213	C	A	354	animal16_9_NS	276	0.057971	A|missense_variant|MODERATE|gene-PB2|gene-PB2|transcript|gene-PB2|protein_coding|1/1|c.213C>A|p.Asn71Lys|213/2280|213/2280|71/759||WARNING_REF_DOES_NOT_MATCH_GENOME
PB2	452	A	G	510	animal16_9_NS	237	0.092827	G|missense_variant|MODERATE|gene-PB2|gene-PB2|transcript|gene-PB2|protein_coding|1/1|c.452A>G|p.His151Arg|452/2280|452/2280|151/759||
PB2	1310	A	G	198	animal16_9_NS	304	0.032895	G|missense_variant|MODERATE|gene-PB2|gene-PB2|transcript|gene-PB2|protein_coding|1/1|c.1310A>G|p.His437Arg|1310/2280|1310/2280|437/759||
PB2	1404	T	C	257	animal16_9_NS	301	0.043189	C|synonymous_variant|LOW|gene-PB2|gene-PB2|transcript|gene-PB2|protein_coding|1/1|c.1404T>C|p.Thr468Thr|1404/2280|1404/2280|468/759||
NA	324	T	C	403	animal5_3_NS	221	0.081448	C|synonymous_variant|LOW|gene-NA|gene-NA|transcript|gene-NA|protein_coding|1/1|c.324T>C|p.Leu108Leu|324/1410|324/1410|108/469||
NA	1356	C	T	753	animal5_3_NS	158	0.183544	T|synonymous_variant|LOW|gene-NA|gene-NA|transcript|gene-NA|protein_coding|1/1|c.1356C>T|p.Thr452Thr|1356/1410|1356/1410|452/469||WARNING_REF_DOES_NOT_MATCH_GENOME
M	353	G	A	96	animal5_3_NS	2011	0.004973	A|missense_variant|MODERATE|gene-M1|gene-M1|transcript|gene-M1|protein_coding|1/1|c.353G>A|p.Ser118Asn|353/759|353/759|118/252||,A|intron_variant|MODIFIER|gene-M2|gene-M2|transcript|rna-M2|protein_coding|1/1|c.26+327G>A||||||,A|intron_variant|MODIFIER|gene-M2|gene-M2|transcript|gene-M2|pseudogene|1/1|n.26+327G>A||||||,A|non_coding_transcript_exon_variant|MODIFIER|id-M2|id-M2|transcript|id-M2|pseudogene|1/1|n.327G>A||||||
M	474	G	A	155	animal5_3_NS	2341	0.006408	A|synonymous_variant|LOW|gene-M1|gene-M1|transcript|gene-M1|protein_coding|1/1|c.474G>A|p.Gln158Gln|474/759|474/759|158/252||,A|intron_variant|MODIFIER|gene-M2|gene-M2|transcript|rna-M2|protein_coding|1/1|c.27-241G>A||||||,A|intron_variant|MODIFIER|gene-M2|gene-M2|transcript|gene-M2|pseudogene|1/1|n.27-241G>A||||||,A|non_coding_transcript_exon_variant|MODIFIER|id-M2|id-M2|transcript|id-M2|pseudogene|1/1|n.448G>A||||||
M	582	A	G	143	animal5_3_NS	2117	0.006141	G|synonymous_variant|LOW|gene-M1|gene-M1|transcript|gene-M1|protein_coding|1/1|c.582A>G|p.Gly194Gly|582/759|582/759|194/252||,G|intron_variant|MODIFIER|gene-M2|gene-M2|transcript|rna-M2|protein_coding|1/1|c.27-133A>G||||||,G|intron_variant|MODIFIER|gene-M2|gene-M2|transcript|gene-M2|pseudogene|1/1|n.27-133A>G||||||,G|non_coding_transcript_exon_variant|MODIFIER|id-M2|id-M2|transcript|id-M2|pseudogene|1/1|n.556A>G||||||
M	747	G	A	1148	animal5_3_NS	1658	0.037998	A|missense_variant|MODERATE|gene-M2|gene-M2|transcript|rna-M2|protein_coding|2/2|c.59G>A|p.Ser20Asn|59/294|59/294|20/97||,A|synonymous_variant|LOW|gene-M1|gene-M1|transcript|gene-M1|protein_coding|1/1|c.747G>A|p.Gln249Gln|747/759|747/759|249/252||,A|downstream_gene_variant|MODIFIER|id-M2|id-M2|transcript|id-M2|pseudogene||n.*33G>A|||||33|,A|non_coding_transcript_exon_variant|MODIFIER|gene-M2|gene-M2|transcript|gene-M2|pseudogene|2/2|n.59G>A||||||
M	761	G	A	306	animal5_3_NS	1757	0.012521	A|missense_variant|MODERATE|gene-M2|gene-M2|transcript|rna-M2|protein_coding|2/2|c.73G>A|p.Ala25Thr|73/294|73/294|25/97||,A|downstream_gene_variant|MODIFIER|gene-M1|gene-M1|transcript|gene-M1|protein_coding||c.*2G>A|||||2|,A|downstream_gene_variant|MODIFIER|id-M2|id-M2|transcript|id-M2|pseudogene||n.*47G>A|||||47|,A|non_coding_transcript_exon_variant|MODIFIER|gene-M2|gene-M2|transcript|gene-M2|pseudogene|2/2|n.73G>A||||||
NP	438	C	T	433	animal5_3_NS	332	0.066265	T|synonymous_variant|LOW|gene-NP|gene-NP|transcript|gene-NP|protein_coding|1/1|c.438C>T|p.Ala146Ala|438/1497|438/1497|146/498||
NS	363	G	T	551	animal5_3_NS	1364	0.034457	T|synonymous_variant|LOW|gene-NS1|gene-NS1|transcript|gene-NS1|protein_coding|1/1|c.363G>T|p.His121His|363/693|363/693|121/230||WARNING_REF_DOES_NOT_MATCH_GENOME,T|intron_variant|MODIFIER|gene-NS2|gene-NS2|transcript|rna-NS2|protein_coding|1/1|c.31-140G>T||||||,T|intron_variant|MODIFIER|gene-NS2|gene-NS2|transcript|gene-NS2|pseudogene|1/1|n.31-140G>T||||||,T|non_coding_transcript_exon_variant|MODIFIER|id-NS2|id-NS2|transcript|id-NS2|pseudogene|1/1|n.333G>T||||||WARNING_REF_DOES_NOT_MATCH_GENOME
NS	515	A	G	107	animal5_3_NS	1924	0.005198	G|missense_variant|MODERATE|gene-NS1|gene-NS1|transcript|gene-NS1|protein_coding|1/1|c.515A>G|p.Glu172Gly|515/693|515/693|172/230||,G|missense_variant|MODERATE|gene-NS2|gene-NS2|transcript|rna-NS2|protein_coding|2/2|c.43A>G|p.Arg15Gly|43/366|43/366|15/121||,G|downstream_gene_variant|MODIFIER|id-NS2|id-NS2|transcript|id-NS2|pseudogene||n.*13A>G|||||13|,G|non_coding_transcript_exon_variant|MODIFIER|gene-NS2|gene-NS2|transcript|gene-NS2|pseudogene|2/2|n.43A>G||||||
PA	2096	G	A	346	animal5_3_NS	1373	0.016023	A|stop_gained|HIGH|gene-PA|gene-PA|transcript|gene-PA|protein_coding|1/1|c.2096G>A|p.Trp699*|2096/2151|2096/2151|699/716||,A|downstream_gene_variant|MODIFIER|gene-PA-X|gene-PA-X|transcript|rna-PA-X|protein_coding||c.*1336G>A|||||1336|,A|downstream_gene_variant|MODIFIER|gene-PA-X|gene-PA-X|transcript|gene-PA-X|pseudogene||n.*1336G>A|||||1336|
PB2	213	C	T	540	animal5_3_NS	282	0.08156	T|synonymous_variant|LOW|gene-PB2|gene-PB2|transcript|gene-PB2|protein_coding|1/1|c.213C>T|p.Asn71Asn|213/2280|213/2280|71/759||WARNING_REF_DOES_NOT_MATCH_GENOME
M	178	C	T	1420	animal5_4_NS	692	0.086705	T|synonymous_variant|LOW|gene-M1|gene-M1|transcript|gene-M1|protein_coding|1/1|c.178C>T|p.Leu60Leu|178/759|178/759|60/252||,T|intron_variant|MODIFIER|gene-M2|gene-M2|transcript|rna-M2|protein_coding|1/1|c.26+152C>T||||||,T|intron_variant|MODIFIER|gene-M2|gene-M2|transcript|gene-M2|pseudogene|1/1|n.26+152C>T||||||,T|non_coding_transcript_exon_variant|MODIFIER|id-M2|id-M2|transcript|id-M2|pseudogene|1/1|n.152C>T||||||
PA	145	T	C	227	animal5_4_NS	407	0.036855	C|missense_variant|MODERATE|gene-PA-X|gene-PA-X|transcript|rna-PA-X|protein_coding|1/2|c.145T>C|p.Ser49Pro|145/759|145/759|49/252||,C|missense_variant|MODERATE|gene-PA|gene-PA|transcript|gene-PA|protein_coding|1/1|c.145T>C|p.Ser49Pro|145/2151|145/2151|49/716||,C|non_coding_transcript_exon_variant|MODIFIER|gene-PA-X|gene-PA-X|transcript|gene-PA-X|pseudogene|1/2|n.145T>C||||||
PB2	132	T	C	101	animal5_4_NS	422	0.094787	C|synonymous_variant|LOW|gene-PB2|gene-PB2|transcript|gene-PB2|protein_coding|1/1|c.132T>C|p.Ala44Ala|132/2280|132/2280|44/759||
PB2	213	C	T	217	animal5_4_NS	251	0.043825	T|synonymous_variant|LOW|gene-PB2|gene-PB2|transcript|gene-PB2|protein_coding|1/1|c.213C>T|p.Asn71Asn|213/2280|213/2280|71/759||WARNING_REF_DOES_NOT_MATCH_GENOME
PB2	2032	G	C	130	animal5_4_NS	505	0.019802	C|missense_variant|MODERATE|gene-PB2|gene-PB2|transcript|gene-PB2|protein_coding|1/1|c.2032G>C|p.Asp678His|2032/2280|2032/2280|678/759||
PB2	2265	G	A	434	animal5_4_NS	368	0.057065	A|synonymous_variant|LOW|gene-PB2|gene-PB2|transcript|gene-PB2|protein_coding|1/1|c.2265G>A|p.Arg755Arg|2265/2280|2265/2280|755/759||WARNING_REF_DOES_NOT_MATCH_GENOME
M	178	C	T	248	animal5_5_NS	253	0.051383	T|synonymous_variant|LOW|gene-M1|gene-M1|transcript|gene-M1|protein_coding|1/1|c.178C>T|p.Leu60Leu|178/759|178/759|60/252||,T|intron_variant|MODIFIER|gene-M2|gene-M2|transcript|rna-M2|protein_coding|1/1|c.26+152C>T||||||,T|intron_variant|MODIFIER|gene-M2|gene-M2|transcript|gene-M2|pseudogene|1/1|n.26+152C>T||||||,T|non_coding_transcript_exon_variant|MODIFIER|id-M2|id-M2|transcript|id-M2|pseudogene|1/1|n.152C>T||||||
M	432	T	G	182	animal5_5_NS	348	0.034483	G|missense_variant|MODERATE|gene-M1|gene-M1|transcript|gene-M1|protein_coding|1/1|c.432T>G|p.Phe144Leu|432/759|432/759|144/252||,G|intron_variant|MODIFIER|gene-M2|gene-M2|transcript|rna-M2|protein_coding|1/1|c.27-283T>G||||||,G|intron_variant|MODIFIER|gene-M2|gene-M2|transcript|gene-M2|pseudogene|1/1|n.27-283T>G||||||,G|non_coding_transcript_exon_variant|MODIFIER|id-M2|id-M2|transcript|id-M2|pseudogene|1/1|n.406T>G||||||
PB2	132	T	C	149	animal5_5_NS	308	0.071429	C|synonymous_variant|LOW|gene-PB2|gene-PB2|transcript|gene-PB2|protein_coding|1/1|c.132T>C|p.Ala44Ala|132/2280|132/2280|44/759||
PB2	213	C	T	393	animal5_5_NS	208	0.086538	T|synonymous_variant|LOW|gene-PB2|gene-PB2|transcript|gene-PB2|protein_coding|1/1|c.213C>T|p.Asn71Asn|213/2280|213/2280|71/759||WARNING_REF_DOES_NOT_MATCH_GENOME
PB2	2032	G	C	197	animal5_5_NS	273	0.047619	C|missense_variant|MODERATE|gene-PB2|gene-PB2|transcript|gene-PB2|protein_coding|1/1|c.2032G>C|p.Asp678His|2032/2280|2032/2280|678/759||
HA	1396	G	A	752	animal6_4_NS	109	0.256881	A|missense_variant|MODERATE|gene-HA|gene-HA|transcript|gene-HA|protein_coding|1/1|c.1396G>A|p.Val466Ile|1396/1701|1396/1701|466/566||
NA	1233	C	T	1527	animal6_4_NS	169	0.307692	T|synonymous_variant|LOW|gene-NA|gene-NA|transcript|gene-NA|protein_coding|1/1|c.1233C>T|p.Ser411Ser|1233/1410|1233/1410|411/469||
M	396	C	T	1972	animal6_4_NS	1849	0.053542	T|synonymous_variant|LOW|gene-M1|gene-M1|transcript|gene-M1|protein_coding|1/1|c.396C>T|p.Tyr132Tyr|396/759|396/759|132/252||,T|intron_variant|MODIFIER|gene-M2|gene-M2|transcript|rna-M2|protein_coding|1/1|c.27-319C>T||||||,T|intron_variant|MODIFIER|gene-M2|gene-M2|transcript|gene-M2|pseudogene|1/1|n.27-319C>T||||||,T|non_coding_transcript_exon_variant|MODIFIER|id-M2|id-M2|transcript|id-M2|pseudogene|1/1|n.370C>T||||||
M	426	T	C	495	animal6_4_NS	1681	0.018441	C|synonymous_variant|LOW|gene-M1|gene-M1|transcript|gene-M1|protein_coding|1/1|c.426T>C|p.Ala142Ala|426/759|426/759|142/252||,C|intron_variant|MODIFIER|gene-M2|gene-M2|transcript|rna-M2|protein_coding|1/1|c.27-289T>C||||||,C|intron_variant|MODIFIER|gene-M2|gene-M2|transcript|gene-M2|pseudogene|1/1|n.27-289T>C||||||,C|non_coding_transcript_exon_variant|MODIFIER|id-M2|id-M2|transcript|id-M2|pseudogene|1/1|n.400T>C||||||
M	695	A	G	135	animal6_4_NS	1501	0.008661	G|missense_variant|MODERATE|gene-M1|gene-M1|transcript|gene-M1|protein_coding|1/1|c.695A>G|p.Asp232Gly|695/759|695/759|232/252||,G|intron_variant|MODIFIER|gene-M2|gene-M2|transcript|rna-M2|protein_coding|1/1|c.27-20A>G||||||,G|intron_variant|MODIFIER|gene-M2|gene-M2|transcript|gene-M2|pseudogene|1/1|n.27-20A>G||||||,G|non_coding_transcript_exon_variant|MODIFIER|id-M2|id-M2|transcript|id-M2|pseudogene|1/1|n.669A>G||||||
M	771	C	T	1602	animal6_4_NS	1338	0.056801	T|missense_variant|MODERATE|gene-M2|gene-M2|transcript|rna-M2|protein_coding|2/2|c.83C>T|p.Thr28Ile|83/294|83/294|28/97||,T|downstream_gene_variant|MODIFIER|gene-M1|gene-M1|transcript|gene-M1|protein_coding||c.*12C>T|||||12|,T|downstream_gene_variant|MODIFIER|id-M2|id-M2|transcript|id-M2|pseudogene||n.*57C>T|||||57|,T|non_coding_transcript_exon_variant|MODIFIER|gene-M2|gene-M2|transcript|gene-M2|pseudogene|2/2|n.83C>T||||||
NP	639	G	A	3076	animal6_4_NS	472	0.680085	A|synonymous_variant|LOW|gene-NP|gene-NP|transcript|gene-NP|protein_coding|1/1|c.639G>A|p.Arg213Arg|639/1497|639/1497|213/498||
NP	709	G	A	230	animal6_4_NS	452	0.028761	A|missense_variant|MODERATE|gene-NP|gene-NP|transcript|gene-NP|protein_coding|1/1|c.709G>A|p.Ala237Thr|709/1497|709/1497|237/498||
NS	20	C	T	3076	animal6_4_NS	847	0.752066	T|missense_variant|MODERATE|gene-NS1|gene-NS1|transcript|gene-NS1|protein_coding|1/1|c.20C>T|p.Ser7Leu|20/693|20/693|7/230||,T|missense_variant|MODERATE|gene-NS2|gene-NS2|transcript|rna-NS2|protein_coding|1/2|c.20C>T|p.Ser7Leu|20/366|20/366|7/121||,T|upstream_gene_variant|MODIFIER|id-NS2|id-NS2|transcript|id-NS2|pseudogene||n.-11C>T|||||11|,T|non_coding_transcript_exon_variant|MODIFIER|gene-NS2|gene-NS2|transcript|gene-NS2|pseudogene|1/2|n.20C>T||||||
NS	316	A	G	114	animal6_4_NS	1800	0.005556	G|missense_variant|MODERATE|gene-NS1|gene-NS1|transcript|gene-NS1|protein_coding|1/1|c.316A>G|p.Met106Val|316/693|316/693|106/230||,G|intron_variant|MODIFIER|gene-NS2|gene-NS2|transcript|rna-NS2|protein_coding|1/1|c.31-187A>G||||||,G|intron_variant|MODIFIER|gene-NS2|gene-NS2|transcript|gene-NS2|pseudogene|1/1|n.31-187A>G||||||,G|non_coding_transcript_exon_variant|MODIFIER|id-NS2|id-NS2|transcript|id-NS2|pseudogene|1/1|n.286A>G||||||
NS	384	C	T	482	animal6_4_NS	1394	0.022238	T|synonymous_variant|LOW|gene-NS1|gene-NS1|transcript|gene-NS1|protein_coding|1/1|c.384C>T|p.Ile128Ile|384/693|384/693|128/230||,T|intron_variant|MODIFIER|gene-NS2|gene-NS2|transcript|rna-NS2|protein_coding|1/1|c.31-119C>T||||||,T|intron_variant|MODIFIER|gene-NS2|gene-NS2|transcript|gene-NS2|pseudogene|1/1|n.31-119C>T||||||,T|non_coding_transcript_exon_variant|MODIFIER|id-NS2|id-NS2|transcript|id-NS2|pseudogene|1/1|n.354C>T||||||
NS	420	A	G	372	animal6_4_NS	1573	0.0178	G|synonymous_variant|LOW|gene-NS1|gene-NS1|transcript|gene-NS1|protein_coding|1/1|c.420A>G|p.Arg140Arg|420/693|420/693|140/230||,G|intron_variant|MODIFIER|gene-NS2|gene-NS2|transcript|rna-NS2|protein_coding|1/1|c.31-83A>G||||||,G|intron_variant|MODIFIER|gene-NS2|gene-NS2|transcript|gene-NS2|pseudogene|1/1|n.31-83A>G||||||,G|non_coding_transcript_exon_variant|MODIFIER|id-NS2|id-NS2|transcript|id-NS2|pseudogene|1/1|n.390A>G||||||
NS	628	G	A	1527	animal6_4_NS	1794	0.043478	A|missense_variant|MODERATE|gene-NS1|gene-NS1|transcript|gene-NS1|protein_coding|1/1|c.628G>A|p.Gly210Arg|628/693|628/693|210/230||,A|synonymous_variant|LOW|gene-NS2|gene-NS2|transcript|rna-NS2|protein_coding|2/2|c.156G>A|p.Thr52Thr|156/366|156/366|52/121||,A|downstream_gene_variant|MODIFIER|id-NS2|id-NS2|transcript|id-NS2|pseudogene||n.*126G>A|||||126|,A|non_coding_transcript_exon_variant|MODIFIER|gene-NS2|gene-NS2|transcript|gene-NS2|pseudogene|2/2|n.156G>A||||||
NS	661	A	G	288	animal6_4_NS	1720	0.012791	G|missense_variant|MODERATE|gene-NS1|gene-NS1|transcript|gene-NS1|protein_coding|1/1|c.661A>G|p.Lys221Glu|661/693|661/693|221/230||,G|synonymous_variant|LOW|gene-NS2|gene-NS2|transcript|rna-NS2|protein_coding|2/2|c.189A>G|p.Gly63Gly|189/366|189/366|63/121||,G|downstream_gene_variant|MODIFIER|id-NS2|id-NS2|transcript|id-NS2|pseudogene||n.*159A>G|||||159|,G|non_coding_transcript_exon_variant|MODIFIER|gene-NS2|gene-NS2|transcript|gene-NS2|pseudogene|2/2|n.189A>G||||||
PB2	951	G	A	447	animal6_4_NS	254	0.07874	A|synonymous_variant|LOW|gene-PB2|gene-PB2|transcript|gene-PB2|protein_coding|1/1|c.951G>A|p.Leu317Leu|951/2280|951/2280|317/759||
HA	390	G	A	317	animal7_3_NS	387	0.043928	A|synonymous_variant|LOW|gene-HA|gene-HA|transcript|gene-HA|protein_coding|1/1|c.390G>A|p.Arg130Arg|390/1701|390/1701|130/566||
HA	1003	C	A	1030	animal7_3_NS	526	0.087452	A|missense_variant|MODERATE|gene-HA|gene-HA|transcript|gene-HA|protein_coding|1/1|c.1003C>A|p.Leu335Ile|1003/1701|1003/1701|335/566||
NA	206	C	T	447	animal7_3_NS	728	0.032967	T|missense_variant|MODERATE|gene-NA|gene-NA|transcript|gene-NA|protein_coding|1/1|c.206C>T|p.Ala69Val|206/1410|206/1410|69/469||
NA	1356	C	T	158	animal7_3_NS	537	0.018622	T|synonymous_variant|LOW|gene-NA|gene-NA|transcript|gene-NA|protein_coding|1/1|c.1356C>T|p.Thr452Thr|1356/1410|1356/1410|452/469||WARNING_REF_DOES_NOT_MATCH_GENOME
M	157	T	C	122	animal7_3_NS	4300	0.003488	C|missense_variant|MODERATE|gene-M1|gene-M1|transcript|gene-M1|protein_coding|1/1|c.157T>C|p.Ser53Pro|157/759|157/759|53/252||,C|intron_variant|MODIFIER|gene-M2|gene-M2|transcript|rna-M2|protein_coding|1/1|c.26+131T>C||||||,C|intron_variant|MODIFIER|gene-M2|gene-M2|transcript|gene-M2|pseudogene|1/1|n.26+131T>C||||||,C|non_coding_transcript_exon_variant|MODIFIER|id-M2|id-M2|transcript|id-M2|pseudogene|1/1|n.131T>C||||||
M	187	G	A	110	animal7_3_NS	4491	0.003117	A|missense_variant|MODERATE|gene-M1|gene-M1|transcript|gene-M1|protein_coding|1/1|c.187G>A|p.Val63Ile|187/759|187/759|63/252||,A|intron_variant|MODIFIER|gene-M2|gene-M2|transcript|rna-M2|protein_coding|1/1|c.26+161G>A||||||,A|intron_variant|MODIFIER|gene-M2|gene-M2|transcript|gene-M2|pseudogene|1/1|n.26+161G>A||||||,A|non_coding_transcript_exon_variant|MODIFIER|id-M2|id-M2|transcript|id-M2|pseudogene|1/1|n.161G>A||||||
M	259	A	G	78	animal7_3_NS	5295	0.002455	G|missense_variant|MODERATE|gene-M1|gene-M1|transcript|gene-M1|protein_coding|1/1|c.259A>G|p.Asn87Asp|259/759|259/759|87/252||,G|intron_variant|MODIFIER|gene-M2|gene-M2|transcript|rna-M2|protein_coding|1/1|c.26+233A>G||||||,G|intron_variant|MODIFIER|gene-M2|gene-M2|transcript|gene-M2|pseudogene|1/1|n.26+233A>G||||||,G|non_coding_transcript_exon_variant|MODIFIER|id-M2|id-M2|transcript|id-M2|pseudogene|1/1|n.233A>G||||||
M	266	A	G	75	animal7_3_NS	5133	0.002533	G|missense_variant|MODERATE|gene-M1|gene-M1|transcript|gene-M1|protein_coding|1/1|c.266A>G|p.Asp89Gly|266/759|266/759|89/252||,G|intron_variant|MODIFIER|gene-M2|gene-M2|transcript|rna-M2|protein_coding|1/1|c.26+240A>G||||||,G|intron_variant|MODIFIER|gene-M2|gene-M2|transcript|gene-M2|pseudogene|1/1|n.26+240A>G||||||,G|non_coding_transcript_exon_variant|MODIFIER|id-M2|id-M2|transcript|id-M2|pseudogene|1/1|n.240A>G||||||
M	276	C	T	3076	animal7_3_NS	5676	0.09778	T|synonymous_variant|LOW|gene-M1|gene-M1|transcript|gene-M1|protein_coding|1/1|c.276C>T|p.Asn92Asn|276/759|276/759|92/252||,T|intron_variant|MODIFIER|gene-M2|gene-M2|transcript|rna-M2|protein_coding|1/1|c.26+250C>T||||||,T|intron_variant|MODIFIER|gene-M2|gene-M2|transcript|gene-M2|pseudogene|1/1|n.26+250C>T||||||,T|non_coding_transcript_exon_variant|MODIFIER|id-M2|id-M2|transcript|id-M2|pseudogene|1/1|n.250C>T||||||
M	277	A	G	203	animal7_3_NS	5651	0.004247	G|missense_variant|MODERATE|gene-M1|gene-M1|transcript|gene-M1|protein_coding|1/1|c.277A>G|p.Met93Val|277/759|277/759|93/252||,G|intron_variant|MODIFIER|gene-M2|gene-M2|transcript|rna-M2|protein_coding|1/1|c.26+251A>G||||||,G|intron_variant|MODIFIER|gene-M2|gene-M2|transcript|gene-M2|pseudogene|1/1|n.26+251A>G||||||,G|non_coding_transcript_exon_variant|MODIFIER|id-M2|id-M2|transcript|id-M2|pseudogene|1/1|n.251A>G||||||
M	303	G	A	162	animal7_3_NS	5485	0.003464	A|synonymous_variant|LOW|gene-M1|gene-M1|transcript|gene-M1|protein_coding|1/1|c.303G>A|p.Lys101Lys|303/759|303/759|101/252||,A|intron_variant|MODIFIER|gene-M2|gene-M2|transcript|rna-M2|protein_coding|1/1|c.26+277G>A||||||,A|intron_variant|MODIFIER|gene-M2|gene-M2|transcript|gene-M2|pseudogene|1/1|n.26+277G>A||||||,A|non_coding_transcript_exon_variant|MODIFIER|id-M2|id-M2|transcript|id-M2|pseudogene|1/1|n.277G>A||||||
M	308	T	C	269	animal7_3_NS	5767	0.004682	C|missense_variant|MODERATE|gene-M1|gene-M1|transcript|gene-M1|protein_coding|1/1|c.308T>C|p.Leu103Pro|308/759|308/759|103/252||,C|intron_variant|MODIFIER|gene-M2|gene-M2|transcript|rna-M2|protein_coding|1/1|c.26+282T>C||||||,C|intron_variant|MODIFIER|gene-M2|gene-M2|transcript|gene-M2|pseudogene|1/1|n.26+282T>C||||||,C|non_coding_transcript_exon_variant|MODIFIER|id-M2|id-M2|transcript|id-M2|pseudogene|1/1|n.282T>C||||||
M	337	A	G	64	animal7_3_NS	6163	0.001785	G|missense_variant|MODERATE|gene-M1|gene-M1|transcript|gene-M1|protein_coding|1/1|c.337A>G|p.Lys113Glu|337/759|337/759|113/252||,G|intron_variant|MODIFIER|gene-M2|gene-M2|transcript|rna-M2|protein_coding|1/1|c.26+311A>G||||||,G|intron_variant|MODIFIER|gene-M2|gene-M2|transcript|gene-M2|pseudogene|1/1|n.26+311A>G||||||,G|non_coding_transcript_exon_variant|MODIFIER|id-M2|id-M2|transcript|id-M2|pseudogene|1/1|n.311A>G||||||
M	349	C	T	373	animal7_3_NS	6039	0.005796	T|synonymous_variant|LOW|gene-M1|gene-M1|transcript|gene-M1|protein_coding|1/1|c.349C>T|p.Leu117Leu|349/759|349/759|117/252||,T|intron_variant|MODIFIER|gene-M2|gene-M2|transcript|rna-M2|protein_coding|1/1|c.26+323C>T||||||,T|intron_variant|MODIFIER|gene-M2|gene-M2|transcript|gene-M2|pseudogene|1/1|n.26+323C>T||||||,T|non_coding_transcript_exon_variant|MODIFIER|id-M2|id-M2|transcript|id-M2|pseudogene|1/1|n.323C>T||||||
M	434	G	A	568	animal7_3_NS	6813	0.008366	A|missense_variant|MODERATE|gene-M1|gene-M1|transcript|gene-M1|protein_coding|1/1|c.434G>A|p.Gly145Asp|434/759|434/759|145/252||,A|intron_variant|MODIFIER|gene-M2|gene-M2|transcript|rna-M2|protein_coding|1/1|c.27-281G>A||||||,A|intron_variant|MODIFIER|gene-M2|gene-M2|transcript|gene-M2|pseudogene|1/1|n.27-281G>A||||||,A|non_coding_transcript_exon_variant|MODIFIER|id-M2|id-M2|transcript|id-M2|pseudogene|1/1|n.408G>A||||||
M	449	C	T	2273	animal7_3_NS	6904	0.020423	T|missense_variant|MODERATE|gene-M1|gene-M1|transcript|gene-M1|protein_coding|1/1|c.449C>T|p.Thr150Ile|449/759|449/759|150/252||,T|intron_variant|MODIFIER|gene-M2|gene-M2|transcript|rna-M2|protein_coding|1/1|c.27-266C>T||||||,T|intron_variant|MODIFIER|gene-M2|gene-M2|transcript|gene-M2|pseudogene|1/1|n.27-266C>T||||||,T|non_coding_transcript_exon_variant|MODIFIER|id-M2|id-M2|transcript|id-M2|pseudogene|1/1|n.423C>T||||||
M	481	T	C	89	animal7_3_NS	6904	0.002462	C|missense_variant|MODERATE|gene-M1|gene-M1|transcript|gene-M1|protein_coding|1/1|c.481T>C|p.Ser161Pro|481/759|481/759|161/252||,C|intron_variant|MODIFIER|gene-M2|gene-M2|transcript|rna-M2|protein_coding|1/1|c.27-234T>C||||||,C|intron_variant|MODIFIER|gene-M2|gene-M2|transcript|gene-M2|pseudogene|1/1|n.27-234T>C||||||,C|non_coding_transcript_exon_variant|MODIFIER|id-M2|id-M2|transcript|id-M2|pseudogene|1/1|n.455T>C||||||
M	485	A	G	68	animal7_3_NS	6786	0.001621	G|missense_variant|MODERATE|gene-M1|gene-M1|transcript|gene-M1|protein_coding|1/1|c.485A>G|p.His162Arg|485/759|485/759|162/252||,G|intron_variant|MODIFIER|gene-M2|gene-M2|transcript|rna-M2|protein_coding|1/1|c.27-230A>G||||||,G|intron_variant|MODIFIER|gene-M2|gene-M2|transcript|gene-M2|pseudogene|1/1|n.27-230A>G||||||,G|non_coding_transcript_exon_variant|MODIFIER|id-M2|id-M2|transcript|id-M2|pseudogene|1/1|n.459A>G||||||
M	490	C	T	151	animal7_3_NS	6919	0.002746	T|stop_gained|HIGH|gene-M1|gene-M1|transcript|gene-M1|protein_coding|1/1|c.490C>T|p.Gln164*|490/759|490/759|164/252||,T|intron_variant|MODIFIER|gene-M2|gene-M2|transcript|rna-M2|protein_coding|1/1|c.27-225C>T||||||,T|intron_variant|MODIFIER|gene-M2|gene-M2|transcript|gene-M2|pseudogene|1/1|n.27-225C>T||||||,T|non_coding_transcript_exon_variant|MODIFIER|id-M2|id-M2|transcript|id-M2|pseudogene|1/1|n.464C>T||||||
M	569	A	G	261	animal7_3_NS	6284	0.004456	G|missense_variant|MODERATE|gene-M1|gene-M1|transcript|gene-M1|protein_coding|1/1|c.569A>G|p.Glu190Gly|569/759|569/759|190/252||,G|intron_variant|MODIFIER|gene-M2|gene-M2|transcript|rna-M2|protein_coding|1/1|c.27-146A>G||||||,G|intron_variant|MODIFIER|gene-M2|gene-M2|transcript|gene-M2|pseudogene|1/1|n.27-146A>G||||||,G|non_coding_transcript_exon_variant|MODIFIER|id-M2|id-M2|transcript|id-M2|pseudogene|1/1|n.543A>G||||||
M	593	A	G	274	animal7_3_NS	5986	0.004511	G|missense_variant|MODERATE|gene-M1|gene-M1|transcript|gene-M1|protein_coding|1/1|c.593A>G|p.Gln198Arg|593/759|593/759|198/252||,G|intron_variant|MODIFIER|gene-M2|gene-M2|transcript|rna-M2|protein_coding|1/1|c.27-122A>G||||||,G|intron_variant|MODIFIER|gene-M2|gene-M2|transcript|gene-M2|pseudogene|1/1|n.27-122A>G||||||,G|non_coding_transcript_exon_variant|MODIFIER|id-M2|id-M2|transcript|id-M2|pseudogene|1/1|n.567A>G||||||
M	639	G	A	411	animal7_3_NS	6153	0.006663	A|synonymous_variant|LOW|gene-M1|gene-M1|transcript|gene-M1|protein_coding|1/1|c.639G>A|p.Val213Val|639/759|639/759|213/252||,A|intron_variant|MODIFIER|gene-M2|gene-M2|transcript|rna-M2|protein_coding|1/1|c.27-76G>A||||||,A|intron_variant|MODIFIER|gene-M2|gene-M2|transcript|gene-M2|pseudogene|1/1|n.27-76G>A||||||,A|non_coding_transcript_exon_variant|MODIFIER|id-M2|id-M2|transcript|id-M2|pseudogene|1/1|n.613G>A||||||
M	675	C	T	96	animal7_3_NS	6172	0.002106	T|synonymous_variant|LOW|gene-M1|gene-M1|transcript|gene-M1|protein_coding|1/1|c.675C>T|p.Ser225Ser|675/759|675/759|225/252||,T|intron_variant|MODIFIER|gene-M2|gene-M2|transcript|rna-M2|protein_coding|1/1|c.27-40C>T||||||,T|intron_variant|MODIFIER|gene-M2|gene-M2|transcript|gene-M2|pseudogene|1/1|n.27-40C>T||||||,T|non_coding_transcript_exon_variant|MODIFIER|id-M2|id-M2|transcript|id-M2|pseudogene|1/1|n.649C>T||||||
M	682	G	A	82	animal7_3_NS	5950	0.002353	A|missense_variant|MODERATE|gene-M1|gene-M1|transcript|gene-M1|protein_coding|1/1|c.682G>A|p.Gly228Ser|682/759|682/759|228/252||,A|intron_variant|MODIFIER|gene-M2|gene-M2|transcript|rna-M2|protein_coding|1/1|c.27-33G>A||||||,A|intron_variant|MODIFIER|gene-M2|gene-M2|transcript|gene-M2|pseudogene|1/1|n.27-33G>A||||||,A|non_coding_transcript_exon_variant|MODIFIER|id-M2|id-M2|transcript|id-M2|pseudogene|1/1|n.656G>A||||||
M	756	G	A	73	animal7_3_NS	5098	0.001962	A|missense_variant|MODERATE|gene-M2|gene-M2|transcript|rna-M2|protein_coding|2/2|c.68G>A|p.Ser23Asn|68/294|68/294|23/97||,A|synonymous_variant|LOW|gene-M1|gene-M1|transcript|gene-M1|protein_coding|1/1|c.756G>A|p.Lys252Lys|756/759|756/759|252/252||,A|downstream_gene_variant|MODIFIER|id-M2|id-M2|transcript|id-M2|pseudogene||n.*42G>A|||||42|,A|non_coding_transcript_exon_variant|MODIFIER|gene-M2|gene-M2|transcript|gene-M2|pseudogene|2/2|n.68G>A||||||
M	871	A	G	78	animal7_3_NS	4530	0.002428	G|synonymous_variant|LOW|gene-M2|gene-M2|transcript|rna-M2|protein_coding|2/2|c.183A>G|p.Arg61Arg|183/294|183/294|61/97||,G|downstream_gene_variant|MODIFIER|gene-M1|gene-M1|transcript|gene-M1|protein_coding||c.*112A>G|||||112|,G|downstream_gene_variant|MODIFIER|id-M2|id-M2|transcript|id-M2|pseudogene||n.*157A>G|||||157|,G|non_coding_transcript_exon_variant|MODIFIER|gene-M2|gene-M2|transcript|gene-M2|pseudogene|2/2|n.183A>G||||||
M	899	T	C	174	animal7_3_NS	3961	0.005049	C|missense_variant|MODERATE|gene-M2|gene-M2|transcript|rna-M2|protein_coding|2/2|c.211T>C|p.Ser71Pro|211/294|211/294|71/97||,C|downstream_gene_variant|MODIFIER|gene-M1|gene-M1|transcript|gene-M1|protein_coding||c.*140T>C|||||140|,C|downstream_gene_variant|MODIFIER|id-M2|id-M2|transcript|id-M2|pseudogene||n.*185T>C|||||185|,C|non_coding_transcript_exon_variant|MODIFIER|gene-M2|gene-M2|transcript|gene-M2|pseudogene|2/2|n.211T>C||||||
NP	181	A	G	364	animal7_3_NS	1145	0.020087	G|missense_variant|MODERATE|gene-NP|gene-NP|transcript|gene-NP|protein_coding|1/1|c.181A>G|p.Ile61Val|181/1497|181/1497|61/498||
NP	297	G	A	3076	animal7_3_NS	1263	0.145685	A|synonymous_variant|LOW|gene-NP|gene-NP|transcript|gene-NP|protein_coding|1/1|c.297G>A|p.Arg99Arg|297/1497|297/1497|99/498||
NP	345	A	G	138	animal7_3_NS	1234	0.008104	G|synonymous_variant|LOW|gene-NP|gene-NP|transcript|gene-NP|protein_coding|1/1|c.345A>G|p.Glu115Glu|345/1497|345/1497|115/498||
NP	632	A	C	167	animal7_3_NS	1286	0.010109	C|missense_variant|MODERATE|gene-NP|gene-NP|transcript|gene-NP|protein_coding|1/1|c.632A>C|p.Asn211Thr|632/1497|632/1497|211/498||
NP	900	A	G	173	animal7_3_NS	1358	0.010309	G|synonymous_variant|LOW|gene-NP|gene-NP|transcript|gene-NP|protein_coding|1/1|c.900A>G|p.Gly300Gly|900/1497|900/1497|300/498||
NP	925	A	G	188	animal7_3_NS	1361	0.010287	G|missense_variant|MODERATE|gene-NP|gene-NP|transcript|gene-NP|protein_coding|1/1|c.925A>G|p.Asn309Asp|925/1497|925/1497|309/498||
NP	1118	C	A	2932	animal7_3_NS	1270	0.097638	A|missense_variant|MODERATE|gene-NP|gene-NP|transcript|gene-NP|protein_coding|1/1|c.1118C>A|p.Thr373Lys|1118/1497|1118/1497|373/498||
NP	1161	T	C	220	animal7_3_NS	1167	0.012853	C|synonymous_variant|LOW|gene-NP|gene-NP|transcript|gene-NP|protein_coding|1/1|c.1161T>C|p.Ala387Ala|1161/1497|1161/1497|387/498||
NP	1314	T	C	242	animal7_3_NS	913	0.017525	C|synonymous_variant|LOW|gene-NP|gene-NP|transcript|gene-NP|protein_coding|1/1|c.1314T>C|p.Ser438Ser|1314/1497|1314/1497|438/498||
NS	147	T	C	85	animal7_3_NS	4390	0.002733	C|synonymous_variant|LOW|gene-NS1|gene-NS1|transcript|gene-NS1|protein_coding|1/1|c.147T>C|p.Thr49Thr|147/693|147/693|49/230||,C|intron_variant|MODIFIER|gene-NS2|gene-NS2|transcript|rna-NS2|protein_coding|1/1|c.30+117T>C||||||,C|intron_variant|MODIFIER|gene-NS2|gene-NS2|transcript|gene-NS2|pseudogene|1/1|n.30+117T>C||||||,C|non_coding_transcript_exon_variant|MODIFIER|id-NS2|id-NS2|transcript|id-NS2|pseudogene|1/1|n.117T>C||||||
NS	149	T	C	126	animal7_3_NS	4405	0.003405	C|missense_variant|MODERATE|gene-NS1|gene-NS1|transcript|gene-NS1|protein_coding|1/1|c.149T>C|p.Leu50Pro|149/693|149/693|50/230||,C|intron_variant|MODIFIER|gene-NS2|gene-NS2|transcript|rna-NS2|protein_coding|1/1|c.30+119T>C||||||,C|intron_variant|MODIFIER|gene-NS2|gene-NS2|transcript|gene-NS2|pseudogene|1/1|n.30+119T>C||||||,C|non_coding_transcript_exon_variant|MODIFIER|id-NS2|id-NS2|transcript|id-NS2|pseudogene|1/1|n.119T>C||||||
NS	169	G	A	215	animal7_3_NS	4234	0.005196	A|missense_variant|MODERATE|gene-NS1|gene-NS1|transcript|gene-NS1|protein_coding|1/1|c.169G>A|p.Ala57Thr|169/693|169/693|57/230||,A|intron_variant|MODIFIER|gene-NS2|gene-NS2|transcript|rna-NS2|protein_coding|1/1|c.30+139G>A||||||,A|intron_variant|MODIFIER|gene-NS2|gene-NS2|transcript|gene-NS2|pseudogene|1/1|n.30+139G>A||||||,A|non_coding_transcript_exon_variant|MODIFIER|id-NS2|id-NS2|transcript|id-NS2|pseudogene|1/1|n.139G>A||||||
NS	169	G	T	444	animal7_3_NS	4234	0.008739	T|missense_variant|MODERATE|gene-NS1|gene-NS1|transcript|gene-NS1|protein_coding|1/1|c.169G>T|p.Ala57Ser|169/693|169/693|57/230||,T|intron_variant|MODIFIER|gene-NS2|gene-NS2|transcript|rna-NS2|protein_coding|1/1|c.30+139G>T||||||,T|intron_variant|MODIFIER|gene-NS2|gene-NS2|transcript|gene-NS2|pseudogene|1/1|n.30+139G>T||||||,T|non_coding_transcript_exon_variant|MODIFIER|id-NS2|id-NS2|transcript|id-NS2|pseudogene|1/1|n.139G>T||||||
NS	252	G	A	72	animal7_3_NS	5010	0.002196	A|synonymous_variant|LOW|gene-NS1|gene-NS1|transcript|gene-NS1|protein_coding|1/1|c.252G>A|p.Val84Val|252/693|252/693|84/230||,A|intron_variant|MODIFIER|gene-NS2|gene-NS2|transcript|rna-NS2|protein_coding|1/1|c.30+222G>A||||||,A|intron_variant|MODIFIER|gene-NS2|gene-NS2|transcript|gene-NS2|pseudogene|1/1|n.30+222G>A||||||,A|non_coding_transcript_exon_variant|MODIFIER|id-NS2|id-NS2|transcript|id-NS2|pseudogene|1/1|n.222G>A||||||
NS	464	C	A	371	animal7_3_NS	4992	0.007011	A|missense_variant|MODERATE|gene-NS1|gene-NS1|transcript|gene-NS1|protein_coding|1/1|c.464C>A|p.Ala155Glu|464/693|464/693|155/230||,A|intron_variant|MODIFIER|gene-NS2|gene-NS2|transcript|rna-NS2|protein_coding|1/1|c.31-39C>A||||||,A|intron_variant|MODIFIER|gene-NS2|gene-NS2|transcript|gene-NS2|pseudogene|1/1|n.31-39C>A||||||,A|non_coding_transcript_exon_variant|MODIFIER|id-NS2|id-NS2|transcript|id-NS2|pseudogene|1/1|n.434C>A||||||
NS	492	T	C	84	animal7_3_NS	5359	0.002239	C|synonymous_variant|LOW|gene-NS1|gene-NS1|transcript|gene-NS1|protein_coding|1/1|c.492T>C|p.Pro164Pro|492/693|492/693|164/230||,C|intron_variant|MODIFIER|gene-NS2|gene-NS2|transcript|rna-NS2|protein_coding|1/1|c.31-11T>C||||||,C|intron_variant|MODIFIER|gene-NS2|gene-NS2|transcript|gene-NS2|pseudogene|1/1|n.31-11T>C||||||,C|non_coding_transcript_exon_variant|MODIFIER|id-NS2|id-NS2|transcript|id-NS2|pseudogene|1/1|n.462T>C||||||
NS	540	C	T	114	animal7_3_NS	4771	0.003144	T|missense_variant|MODERATE|gene-NS2|gene-NS2|transcript|rna-NS2|protein_coding|2/2|c.68C>T|p.Ser23Phe|68/366|68/366|23/121||,T|synonymous_variant|LOW|gene-NS1|gene-NS1|transcript|gene-NS1|protein_coding|1/1|c.540C>T|p.Ile180Ile|540/693|540/693|180/230||,T|downstream_gene_variant|MODIFIER|id-NS2|id-NS2|transcript|id-NS2|pseudogene||n.*38C>T|||||38|,T|non_coding_transcript_exon_variant|MODIFIER|gene-NS2|gene-NS2|transcript|gene-NS2|pseudogene|2/2|n.68C>T||||||
NS	611	G	A	70	animal7_3_NS	4396	0.002502	A|missense_variant|MODERATE|gene-NS1|gene-NS1|transcript|gene-NS1|protein_coding|1/1|c.611G>A|p.Arg204Lys|611/693|611/693|204/230||,A|missense_variant|MODERATE|gene-NS2|gene-NS2|transcript|rna-NS2|protein_coding|2/2|c.139G>A|p.Glu47Lys|139/366|139/366|47/121||,A|downstream_gene_variant|MODIFIER|id-NS2|id-NS2|transcript|id-NS2|pseudogene||n.*109G>A|||||109|,A|non_coding_transcript_exon_variant|MODIFIER|gene-NS2|gene-NS2|transcript|gene-NS2|pseudogene|2/2|n.139G>A||||||
NS	631	A	G	92	animal7_3_NS	4411	0.002947	G|missense_variant|MODERATE|gene-NS1|gene-NS1|transcript|gene-NS1|protein_coding|1/1|c.631A>G|p.Arg211Gly|631/693|631/693|211/230||,G|synonymous_variant|LOW|gene-NS2|gene-NS2|transcript|rna-NS2|protein_coding|2/2|c.159A>G|p.Gly53Gly|159/366|159/366|53/121||,G|downstream_gene_variant|MODIFIER|id-NS2|id-NS2|transcript|id-NS2|pseudogene||n.*129A>G|||||129|,G|non_coding_transcript_exon_variant|MODIFIER|gene-NS2|gene-NS2|transcript|gene-NS2|pseudogene|2/2|n.159A>G||||||
NS	654	G	A	118	animal7_3_NS	4247	0.003061	A|missense_variant|MODERATE|gene-NS2|gene-NS2|transcript|rna-NS2|protein_coding|2/2|c.182G>A|p.Arg61Lys|182/366|182/366|61/121||,A|synonymous_variant|LOW|gene-NS1|gene-NS1|transcript|gene-NS1|protein_coding|1/1|c.654G>A|p.Gln218Gln|654/693|654/693|218/230||,A|downstream_gene_variant|MODIFIER|id-NS2|id-NS2|transcript|id-NS2|pseudogene||n.*152G>A|||||152|,A|non_coding_transcript_exon_variant|MODIFIER|gene-NS2|gene-NS2|transcript|gene-NS2|pseudogene|2/2|n.182G>A||||||
NS	728	A	C	103	animal7_3_NS	3854	0.002854	C|synonymous_variant|LOW|gene-NS2|gene-NS2|transcript|rna-NS2|protein_coding|2/2|c.256A>C|p.Arg86Arg|256/366|256/366|86/121||,C|downstream_gene_variant|MODIFIER|gene-NS1|gene-NS1|transcript|gene-NS1|protein_coding||c.*35A>C|||||35|,C|downstream_gene_variant|MODIFIER|id-NS2|id-NS2|transcript|id-NS2|pseudogene||n.*226A>C|||||226|,C|non_coding_transcript_exon_variant|MODIFIER|gene-NS2|gene-NS2|transcript|gene-NS2|pseudogene|2/2|n.256A>C||||||
NS	751	C	G	95	animal7_3_NS	3421	0.003508	G|missense_variant|MODERATE|gene-NS2|gene-NS2|transcript|rna-NS2|protein_coding|2/2|c.279C>G|p.Ser93Arg|279/366|279/366|93/121||,G|downstream_gene_variant|MODIFIER|gene-NS1|gene-NS1|transcript|gene-NS1|protein_coding||c.*58C>G|||||58|,G|downstream_gene_variant|MODIFIER|id-NS2|id-NS2|transcript|id-NS2|pseudogene||n.*249C>G|||||249|,G|non_coding_transcript_exon_variant|MODIFIER|gene-NS2|gene-NS2|transcript|gene-NS2|pseudogene|2/2|n.279C>G||||||
PA	1465	T	A	1225	animal7_3_NS	226	0.199115	A|missense_variant|MODERATE|gene-PA|gene-PA|transcript|gene-PA|protein_coding|1/1|c.1465T>A|p.Cys489Ser|1465/2151|1465/2151|489/716||,A|downstream_gene_variant|MODIFIER|gene-PA-X|gene-PA-X|transcript|rna-PA-X|protein_coding||c.*705T>A|||||705|,A|downstream_gene_variant|MODIFIER|gene-PA-X|gene-PA-X|transcript|gene-PA-X|pseudogene||n.*705T>A|||||705|
PB1	399	G	A	562	animal7_3_NS	162	0.135802	A|synonymous_variant|LOW|gene-PB1|gene-PB1|transcript|gene-PB1|protein_coding|1/1|c.399G>A|p.Leu133Leu|399/2274|399/2274|133/757||,A|downstream_gene_variant|MODIFIER|gene-PB1-F2|gene-PB1-F2|transcript|gene-PB1-F2|protein_coding||c.*65G>A|||||65|
PB1	2205	T	C	352	animal7_3_NS	926	0.021598	C|synonymous_variant|LOW|gene-PB1|gene-PB1|transcript|gene-PB1|protein_coding|1/1|c.2205T>C|p.Ile735Ile|2205/2274|2205/2274|735/757||,C|downstream_gene_variant|MODIFIER|gene-PB1-F2|gene-PB1-F2|transcript|gene-PB1-F2|protein_coding||c.*1871T>C|||||1871|
PB2	132	T	C	151	animal7_3_NS	488	0.088115	C|synonymous_variant|LOW|gene-PB2|gene-PB2|transcript|gene-PB2|protein_coding|1/1|c.132T>C|p.Ala44Ala|132/2280|132/2280|44/759||
PB2	350	C	A	255	animal7_3_NS	530	0.026415	A|missense_variant|MODERATE|gene-PB2|gene-PB2|transcript|gene-PB2|protein_coding|1/1|c.350C>A|p.Thr117Lys|350/2280|350/2280|117/759||
PB2	1200	A	G	371	animal7_3_NS	674	0.031157	G|synonymous_variant|LOW|gene-PB2|gene-PB2|transcript|gene-PB2|protein_coding|1/1|c.1200A>G|p.Val400Val|1200/2280|1200/2280|400/759||
PB2	1572	A	G	227	animal7_3_NS	714	0.019608	G|synonymous_variant|LOW|gene-PB2|gene-PB2|transcript|gene-PB2|protein_coding|1/1|c.1572A>G|p.Thr524Thr|1572/2280|1572/2280|524/759||
PB2	1712	T	C	155	animal7_3_NS	779	0.014121	C|missense_variant|MODERATE|gene-PB2|gene-PB2|transcript|gene-PB2|protein_coding|1/1|c.1712T>C|p.Leu571Pro|1712/2280|1712/2280|571/759||
PB2	2208	A	C	219	animal7_3_NS	408	0.029412	C|missense_variant|MODERATE|gene-PB2|gene-PB2|transcript|gene-PB2|protein_coding|1/1|c.2208A>C|p.Lys736Asn|2208/2280|2208/2280|736/759||
NA	278	A	G	464	animal7_4_NS	137	0.131387	G|missense_variant|MODERATE|gene-NA|gene-NA|transcript|gene-NA|protein_coding|1/1|c.278A>G|p.Lys93Arg|278/1410|278/1410|93/469||
M	276	C	T	1805	animal7_4_NS	765	0.100654	T|synonymous_variant|LOW|gene-M1|gene-M1|transcript|gene-M1|protein_coding|1/1|c.276C>T|p.Asn92Asn|276/759|276/759|92/252||,T|intron_variant|MODIFIER|gene-M2|gene-M2|transcript|rna-M2|protein_coding|1/1|c.26+250C>T||||||,T|intron_variant|MODIFIER|gene-M2|gene-M2|transcript|gene-M2|pseudogene|1/1|n.26+250C>T||||||,T|non_coding_transcript_exon_variant|MODIFIER|id-M2|id-M2|transcript|id-M2|pseudogene|1/1|n.250C>T||||||
NP	1118	C	A	305	animal7_4_NS	104	0.115385	A|missense_variant|MODERATE|gene-NP|gene-NP|transcript|gene-NP|protein_coding|1/1|c.1118C>A|p.Thr373Lys|1118/1497|1118/1497|373/498||
NS	425	A	G	677	animal7_4_NS	736	0.047554	G|missense_variant|MODERATE|gene-NS1|gene-NS1|transcript|gene-NS1|protein_coding|1/1|c.425A>G|p.Glu142Gly|425/693|425/693|142/230||,G|intron_variant|MODIFIER|gene-NS2|gene-NS2|transcript|rna-NS2|protein_coding|1/1|c.31-78A>G||||||,G|intron_variant|MODIFIER|gene-NS2|gene-NS2|transcript|gene-NS2|pseudogene|1/1|n.31-78A>G||||||,G|non_coding_transcript_exon_variant|MODIFIER|id-NS2|id-NS2|transcript|id-NS2|pseudogene|1/1|n.395A>G||||||
NS	599	G	A	1158	animal7_4_NS	774	0.068475	A|missense_variant|MODERATE|gene-NS1|gene-NS1|transcript|gene-NS1|protein_coding|1/1|c.599G>A|p.Arg200Lys|599/693|599/693|200/230||,A|missense_variant|MODERATE|gene-NS2|gene-NS2|transcript|rna-NS2|protein_coding|2/2|c.127G>A|p.Asp43Asn|127/366|127/366|43/121||,A|downstream_gene_variant|MODIFIER|id-NS2|id-NS2|transcript|id-NS2|pseudogene||n.*97G>A|||||97|,A|non_coding_transcript_exon_variant|MODIFIER|gene-NS2|gene-NS2|transcript|gene-NS2|pseudogene|2/2|n.127G>A||||||
NS	638	C	A	678	animal7_4_NS	804	0.043532	A|missense_variant|MODERATE|gene-NS1|gene-NS1|transcript|gene-NS1|protein_coding|1/1|c.638C>A|p.Pro213Gln|638/693|638/693|213/230||,A|missense_variant|MODERATE|gene-NS2|gene-NS2|transcript|rna-NS2|protein_coding|2/2|c.166C>A|p.His56Asn|166/366|166/366|56/121||,A|downstream_gene_variant|MODIFIER|id-NS2|id-NS2|transcript|id-NS2|pseudogene||n.*136C>A|||||136|,A|non_coding_transcript_exon_variant|MODIFIER|gene-NS2|gene-NS2|transcript|gene-NS2|pseudogene|2/2|n.166C>A||||||
NP	190	G	A	313	animal8_4_NS	113	0.123894	A|missense_variant|MODERATE|gene-NP|gene-NP|transcript|gene-NP|protein_coding|1/1|c.190G>A|p.Glu64Lys|190/1497|190/1497|64/498||
NS	488	T	C	1195	animal8_4_NS	793	0.070618	C|missense_variant|MODERATE|gene-NS1|gene-NS1|transcript|gene-NS1|protein_coding|1/1|c.488T>C|p.Leu163Ser|488/693|488/693|163/230||,C|intron_variant|MODIFIER|gene-NS2|gene-NS2|transcript|rna-NS2|protein_coding|1/1|c.31-15T>C||||||,C|intron_variant|MODIFIER|gene-NS2|gene-NS2|transcript|gene-NS2|pseudogene|1/1|n.31-15T>C||||||,C|non_coding_transcript_exon_variant|MODIFIER|id-NS2|id-NS2|transcript|id-NS2|pseudogene|1/1|n.458T>C||||||
PB1	2179	C	G	265	animal8_4_NS	164	0.073171	G|missense_variant|MODERATE|gene-PB1|gene-PB1|transcript|gene-PB1|protein_coding|1/1|c.2179C>G|p.Arg727Gly|2179/2274|2179/2274|727/757||,G|downstream_gene_variant|MODIFIER|gene-PB1-F2|gene-PB1-F2|transcript|gene-PB1-F2|protein_coding||c.*1845C>G|||||1845|
PB2	770	A	G	383	animal8_4_NS	149	0.107383	G|missense_variant|MODERATE|gene-PB2|gene-PB2|transcript|gene-PB2|protein_coding|1/1|c.770A>G|p.Gln257Arg|770/2280|770/2280|257/759||
PB2	843	G	A	3076	animal8_4_NS	195	0.620513	A|synonymous_variant|LOW|gene-PB2|gene-PB2|transcript|gene-PB2|protein_coding|1/1|c.843G>A|p.Leu281Leu|843/2280|843/2280|281/759||WARNING_REF_DOES_NOT_MATCH_GENOME
PB2	1065	G	A	2622	animal8_4_NS	135	0.6	A|synonymous_variant|LOW|gene-PB2|gene-PB2|transcript|gene-PB2|protein_coding|1/1|c.1065G>A|p.Arg355Arg|1065/2280|1065/2280|355/759||
